<?xml version="1.0" encoding="UTF-8"?>
<COLLADA xmlns="http://www.collada.org/2005/11/COLLADASchema" version="1.4.1">
<!--
# File generated by ImageToStl.com - Free Image and 3D model conversion tools
-->
  <asset>
    <contributor>
      <author>ImageToStl.com</author>
      <authoring_tool>ImageToStl.com</authoring_tool>
    </contributor>
    <created>2026-02-06T01:20:23</created>
    <modified>2026-02-06T01:20:23</modified>
    <up_axis>Y_UP</up_axis>
  </asset>
  <library_effects>
    <effect id="effect_0">
        <profile_COMMON>
          <technique sid="common">
            <phong>
              <diffuse>
                <color>0.32038 0.38891 0.07806 1</color>
              </diffuse>
              <specular>
                <color>0.04 0.04 0.04 1</color>
              </specular>
              <shininess>
                <float>104.96</float>
              </shininess>
              <transparency>
                <float>1</float>
              </transparency>
            </phong>
          </technique>
        </profile_COMMON>
    </effect>
    <effect id="effect_1">
        <profile_COMMON>
          <technique sid="common">
            <phong>
              <diffuse>
                <color>0.01794 0.08241 0.00226 1</color>
              </diffuse>
              <specular>
                <color>0.04 0.04 0.04 1</color>
              </specular>
              <shininess>
                <float>104.96</float>
              </shininess>
              <transparency>
                <float>1</float>
              </transparency>
            </phong>
          </technique>
        </profile_COMMON>
    </effect>
    <effect id="effect_2">
        <profile_COMMON>
          <technique sid="common">
            <phong>
              <diffuse>
                <color>0.01891 0.16687 0.03561 1</color>
              </diffuse>
              <specular>
                <color>0.04 0.04 0.04 1</color>
              </specular>
              <shininess>
                <float>104.96</float>
              </shininess>
              <transparency>
                <float>1</float>
              </transparency>
            </phong>
          </technique>
        </profile_COMMON>
    </effect>
    <effect id="effect_3">
        <profile_COMMON>
          <technique sid="common">
            <phong>
              <diffuse>
                <color>0.35865 0.35865 0.35865 1</color>
              </diffuse>
              <specular>
                <color>0.04 0.04 0.04 1</color>
              </specular>
              <shininess>
                <float>107.52</float>
              </shininess>
              <transparency>
                <float>1</float>
              </transparency>
            </phong>
          </technique>
        </profile_COMMON>
    </effect>
    <effect id="effect_4">
        <profile_COMMON>
          <technique sid="common">
            <phong>
              <diffuse>
                <color>0.21952 0.52952 0.64556 1</color>
              </diffuse>
              <specular>
                <color>0.04 0.04 0.04 1</color>
              </specular>
              <shininess>
                <float>104.96</float>
              </shininess>
              <transparency>
                <float>1</float>
              </transparency>
            </phong>
          </technique>
        </profile_COMMON>
    </effect>
    <effect id="effect_5">
        <profile_COMMON>
          <technique sid="common">
            <phong>
              <diffuse>
                <color>0.99139 0.49951 0.37362 1</color>
              </diffuse>
              <specular>
                <color>0.04 0.04 0.04 1</color>
              </specular>
              <shininess>
                <float>104.96</float>
              </shininess>
              <transparency>
                <float>1</float>
              </transparency>
            </phong>
          </technique>
        </profile_COMMON>
    </effect>
    <effect id="effect_6">
        <profile_COMMON>
          <technique sid="common">
            <phong>
              <diffuse>
                <color>0.95737 0.72267 0.7083 1</color>
              </diffuse>
              <specular>
                <color>0.04 0.04 0.04 1</color>
              </specular>
              <shininess>
                <float>107.52</float>
              </shininess>
              <transparency>
                <float>1</float>
              </transparency>
            </phong>
          </technique>
        </profile_COMMON>
    </effect>
    <effect id="effect_7">
        <profile_COMMON>
          <technique sid="common">
            <phong>
              <diffuse>
                <color>0.21952 0.57955 0.76674 1</color>
              </diffuse>
              <specular>
                <color>0.04 0.04 0.04 1</color>
              </specular>
              <shininess>
                <float>107.52</float>
              </shininess>
              <transparency>
                <float>1</float>
              </transparency>
            </phong>
          </technique>
        </profile_COMMON>
    </effect>
    <effect id="effect_8">
        <profile_COMMON>
          <technique sid="common">
            <phong>
              <diffuse>
                <color>0.84337 0.36859 0.31576 1</color>
              </diffuse>
              <specular>
                <color>0.04 0.04 0.04 1</color>
              </specular>
              <shininess>
                <float>104.96</float>
              </shininess>
              <transparency>
                <float>1</float>
              </transparency>
            </phong>
          </technique>
        </profile_COMMON>
    </effect>
    <effect id="effect_9">
        <profile_COMMON>
          <technique sid="common">
            <phong>
              <diffuse>
                <color>0.35865 0.35865 0.35865 1</color>
              </diffuse>
              <specular>
                <color>0.04 0.04 0.04 1</color>
              </specular>
              <shininess>
                <float>104.96</float>
              </shininess>
              <transparency>
                <float>1</float>
              </transparency>
            </phong>
          </technique>
        </profile_COMMON>
    </effect>
    <effect id="effect_10">
        <profile_COMMON>
          <technique sid="common">
            <phong>
              <diffuse>
                <color>0.92399 0.92399 0.89938 1</color>
              </diffuse>
              <specular>
                <color>0.04 0.04 0.04 1</color>
              </specular>
              <shininess>
                <float>104.96</float>
              </shininess>
              <transparency>
                <float>1</float>
              </transparency>
            </phong>
          </technique>
        </profile_COMMON>
    </effect>
    <effect id="effect_11">
        <profile_COMMON>
          <technique sid="common">
            <phong>
              <diffuse>
                <color>0.74453 0.01188 0.01188 1</color>
              </diffuse>
              <specular>
                <color>0.04 0.04 0.04 1</color>
              </specular>
              <shininess>
                <float>104.96</float>
              </shininess>
              <transparency>
                <float>1</float>
              </transparency>
            </phong>
          </technique>
        </profile_COMMON>
    </effect>
    <effect id="effect_12">
        <profile_COMMON>
          <technique sid="common">
            <phong>
              <diffuse>
                <color>1 1 0 1</color>
              </diffuse>
              <specular>
                <color>0.04 0.04 0.04 1</color>
              </specular>
              <shininess>
                <float>104.96</float>
              </shininess>
              <transparency>
                <float>1</float>
              </transparency>
            </phong>
          </technique>
        </profile_COMMON>
    </effect>
    <effect id="effect_13">
        <profile_COMMON>
          <technique sid="common">
            <phong>
              <diffuse>
                <color>1 1 0 1</color>
              </diffuse>
              <specular>
                <color>0.04 0.04 0.04 1</color>
              </specular>
              <shininess>
                <float>107.52</float>
              </shininess>
              <transparency>
                <float>1</float>
              </transparency>
            </phong>
          </technique>
        </profile_COMMON>
    </effect>
    <effect id="effect_14">
        <profile_COMMON>
          <technique sid="common">
            <phong>
              <diffuse>
                <color>1E-05 0.00837 0.50543 1</color>
              </diffuse>
              <specular>
                <color>0.04 0.04 0.04 1</color>
              </specular>
              <shininess>
                <float>104.96</float>
              </shininess>
              <transparency>
                <float>1</float>
              </transparency>
            </phong>
          </technique>
        </profile_COMMON>
    </effect>
    <effect id="effect_15">
        <profile_COMMON>
          <technique sid="common">
            <phong>
              <diffuse>
                <color>0.22331 0.65237 0.68002 1</color>
              </diffuse>
              <specular>
                <color>0.04 0.04 0.04 1</color>
              </specular>
              <shininess>
                <float>104.96</float>
              </shininess>
              <transparency>
                <float>1</float>
              </transparency>
            </phong>
          </technique>
        </profile_COMMON>
    </effect>
    <effect id="effect_16">
        <profile_COMMON>
          <technique sid="common">
            <phong>
              <diffuse>
                <color>0.02899 0.21576 0.02422 1</color>
              </diffuse>
              <specular>
                <color>0.04 0.04 0.04 1</color>
              </specular>
              <shininess>
                <float>107.52</float>
              </shininess>
              <transparency>
                <float>1</float>
              </transparency>
            </phong>
          </technique>
        </profile_COMMON>
    </effect>
    <effect id="effect_17">
        <profile_COMMON>
          <technique sid="common">
            <phong>
              <diffuse>
                <color>0.02899 0.21576 0.02422 1</color>
              </diffuse>
              <specular>
                <color>0.04 0.04 0.04 1</color>
              </specular>
              <shininess>
                <float>104.96</float>
              </shininess>
              <transparency>
                <float>1</float>
              </transparency>
            </phong>
          </technique>
        </profile_COMMON>
    </effect>
    <effect id="effect_18">
        <profile_COMMON>
          <technique sid="common">
            <phong>
              <diffuse>
                <color>0.74453 0.01188 0.01188 1</color>
              </diffuse>
              <specular>
                <color>0.04 0.04 0.04 1</color>
              </specular>
              <shininess>
                <float>107.52</float>
              </shininess>
              <transparency>
                <float>1</float>
              </transparency>
            </phong>
          </technique>
        </profile_COMMON>
    </effect>
    <effect id="effect_19">
        <profile_COMMON>
          <technique sid="common">
            <phong>
              <diffuse>
                <color>0.21952 0.52952 0.64556 1</color>
              </diffuse>
              <specular>
                <color>0.04 0.04 0.04 1</color>
              </specular>
              <shininess>
                <float>107.52</float>
              </shininess>
              <transparency>
                <float>1</float>
              </transparency>
            </phong>
          </technique>
        </profile_COMMON>
    </effect>
    <effect id="effect_20">
        <profile_COMMON>
          <technique sid="common">
            <phong>
              <diffuse>
                <color>1 1 1 1</color>
              </diffuse>
              <specular>
                <color>0.04 0.04 0.04 1</color>
              </specular>
              <shininess>
                <float>104.96</float>
              </shininess>
              <transparency>
                <float>1</float>
              </transparency>
            </phong>
          </technique>
        </profile_COMMON>
    </effect>
  </library_effects>
  <library_materials>
    <material id="mat_0">
      <instance_effect url="#effect_0"/>
    </material>
    <material id="mat_1">
      <instance_effect url="#effect_1"/>
    </material>
    <material id="mat_2">
      <instance_effect url="#effect_2"/>
    </material>
    <material id="mat_3">
      <instance_effect url="#effect_3"/>
    </material>
    <material id="mat_4">
      <instance_effect url="#effect_4"/>
    </material>
    <material id="mat_5">
      <instance_effect url="#effect_5"/>
    </material>
    <material id="mat_6">
      <instance_effect url="#effect_6"/>
    </material>
    <material id="mat_7">
      <instance_effect url="#effect_7"/>
    </material>
    <material id="mat_8">
      <instance_effect url="#effect_8"/>
    </material>
    <material id="mat_9">
      <instance_effect url="#effect_9"/>
    </material>
    <material id="mat_10">
      <instance_effect url="#effect_10"/>
    </material>
    <material id="mat_11">
      <instance_effect url="#effect_11"/>
    </material>
    <material id="mat_12">
      <instance_effect url="#effect_12"/>
    </material>
    <material id="mat_13">
      <instance_effect url="#effect_13"/>
    </material>
    <material id="mat_14">
      <instance_effect url="#effect_14"/>
    </material>
    <material id="mat_15">
      <instance_effect url="#effect_15"/>
    </material>
    <material id="mat_16">
      <instance_effect url="#effect_16"/>
    </material>
    <material id="mat_17">
      <instance_effect url="#effect_17"/>
    </material>
    <material id="mat_18">
      <instance_effect url="#effect_18"/>
    </material>
    <material id="mat_19">
      <instance_effect url="#effect_19"/>
    </material>
    <material id="mat_20">
      <instance_effect url="#effect_20"/>
    </material>
  </library_materials>
  <library_geometries>
    <geometry id="geometry_3e8df8f0_3d72_4690_b8bf_de74dfd6bd10">
      <mesh>
        <source id="pos_0">
          <float_array id="pos_0-array" count="42">2.42499995 -0.40000001 0 2.42499995 0.80000001 0 3.625 -0.40000001 0 3.625 0.80000001 0 2.42499995 0.80000001 0.60000002 2.42499995 -0.40000001 0.60000002 3.625 0.80000001 0.60000002 3.625 -0.40000001 0.60000002 1.22500002 -1.60000002 0.60000002 1.22500002 -0.40000001 0.60000002 1.22500002 -1.60000002 0 1.22500002 -0.40000001 0 2.42499995 -1.60000002 0.60000002 2.42499995 -1.60000002 0</float_array>
          <technique_common>
            <accessor source="#pos_0-array" count="42" stride="3">
              <param name="X" type="float"/>
              <param name="Y" type="float"/>
              <param name="Z" type="float"/>
            </accessor>
          </technique_common>
        </source>
        <source id="norm_0">
          <float_array id="norm_0-array" count="18">0 0 -1 0 0 1 1 0 0 0 1 0 -1 0 0 0 -1 0</float_array>
          <technique_common>
            <accessor source="#norm_0-array" count="18" stride="3">
              <param name="X" type="float"/>
              <param name="Y" type="float"/>
              <param name="Z" type="float"/>
            </accessor>
          </technique_common>
        </source>
        <vertices id="vert_0">
          <input semantic="POSITION" source="#pos_0"/>
        </vertices>
        <triangles count="24" material="mat_0">
          <input semantic="VERTEX" source="#vert_0" offset="0"/>
          <input semantic="NORMAL" source="#norm_0" offset="1"/>
          <p>0 0 1 0 2 0 2 0 1 0 3 0 4 1 5 1 6 1 6 1 5 1 7 1 6 2 7 2 3 2 3 2 7 2 2 2 4 3 6 3 1 3 1 3 6 3 3 3 5 4 4 4 0 4 0 4 4 4 1 4 7 5 5 5 2 5 2 5 5 5 0 5 8 4 9 4 10 4 10 4 9 4 11 4 9 3 5 3 11 3 11 3 5 3 0 3 5 2 12 2 0 2 0 2 12 2 13 2 12 5 8 5 13 5 13 5 8 5 10 5 5 1 9 1 12 1 12 1 9 1 8 1 11 0 0 0 10 0 10 0 0 0 13 0</p>
        </triangles>
      </mesh>
    </geometry>
    <geometry id="geometry_6f11e35d_c972_4e40_a4de_e092e36c401d">
      <mesh>
        <source id="pos_1">
          <float_array id="pos_1-array" count="90">1.22500002 0.80000001 0 2.42499995 0.80000001 0 1.22500002 2 0 2.42499995 2 0 2.42499995 0.80000001 -0.2 1.22500002 0.80000001 -0.2 2.42499995 2 -0.2 1.22500002 2 -0.2 2.42499995 -1.60000002 0 2.42499995 -2.79999995 0 3.625 -1.60000002 0 3.625 -2.79999995 0 2.42499995 -2.79999995 -0.2 2.42499995 -1.60000002 -0.2 3.625 -2.79999995 -0.2 3.625 -1.60000002 -0.2 4.82499981 -1.60000002 -0.2 4.82499981 -1.60000002 0 3.625 -0.40000001 -0.2 3.625 -0.40000001 0 4.82499981 -0.40000001 -0.2 4.82499981 -0.40000001 0 3.625 0.80000001 0 4.82499981 0.80000001 0 3.625 2 0 4.82499981 2 0 4.82499981 0.80000001 -0.2 3.625 0.80000001 -0.2 4.82499981 2 -0.2 3.625 2 -0.2</float_array>
          <technique_common>
            <accessor source="#pos_1-array" count="90" stride="3">
              <param name="X" type="float"/>
              <param name="Y" type="float"/>
              <param name="Z" type="float"/>
            </accessor>
          </technique_common>
        </source>
        <source id="norm_1">
          <float_array id="norm_1-array" count="18">0 0 1 0 0 -1 0 1 0 -1 0 0 0 -1 0 1 0 0</float_array>
          <technique_common>
            <accessor source="#norm_1-array" count="18" stride="3">
              <param name="X" type="float"/>
              <param name="Y" type="float"/>
              <param name="Z" type="float"/>
            </accessor>
          </technique_common>
        </source>
        <vertices id="vert_1">
          <input semantic="POSITION" source="#pos_1"/>
        </vertices>
        <triangles count="48" material="mat_1">
          <input semantic="VERTEX" source="#vert_1" offset="0"/>
          <input semantic="NORMAL" source="#norm_1" offset="1"/>
          <p>0 0 1 0 2 0 2 0 1 0 3 0 4 1 5 1 6 1 6 1 5 1 7 1 6 2 7 2 3 2 3 2 7 2 2 2 7 3 5 3 2 3 2 3 5 3 0 3 5 4 4 4 0 4 0 4 4 4 1 4 4 5 6 5 1 5 1 5 6 5 3 5 8 0 9 0 10 0 10 0 9 0 11 0 12 1 13 1 14 1 14 1 13 1 15 1 14 5 15 5 11 5 11 5 15 5 10 5 15 2 13 2 10 2 10 2 13 2 8 2 13 3 12 3 8 3 8 3 12 3 9 3 12 4 14 4 9 4 9 4 14 4 11 4 15 4 16 4 10 4 10 4 16 4 17 4 18 3 15 3 19 3 19 3 15 3 10 3 20 2 18 2 21 2 21 2 18 2 19 2 16 5 20 5 17 5 17 5 20 5 21 5 15 1 18 1 16 1 16 1 18 1 20 1 19 0 10 0 21 0 21 0 10 0 17 0 22 0 23 0 24 0 24 0 23 0 25 0 26 1 27 1 28 1 28 1 27 1 29 1 28 2 29 2 25 2 25 2 29 2 24 2 29 3 27 3 24 3 24 3 27 3 22 3 27 4 26 4 22 4 22 4 26 4 23 4 26 5 28 5 23 5 23 5 28 5 25 5</p>
        </triangles>
      </mesh>
    </geometry>
    <geometry id="geometry_c26db2ac_3757_4a58_86e8_92d7bcfcb60a">
      <mesh>
        <source id="pos_2">
          <float_array id="pos_2-array" count="108">2.42499995 0.80000001 0 3.625 0.80000001 0 2.42499995 2 0 3.625 2 0 3.625 0.80000001 -0.40000001 2.42499995 0.80000001 -0.40000001 3.625 2 -0.40000001 2.42499995 2 -0.40000001 3.625 -1.60000002 -0.40000001 3.625 -0.40000001 -0.40000001 3.625 -1.60000002 0 3.625 -0.40000001 0 2.42499995 -1.60000002 -0.40000001 2.42499995 -1.60000002 0 2.42499995 -0.40000001 -0.40000001 2.42499995 -0.40000001 0 4.82499981 0.80000001 0 4.82499981 -0.40000001 0 4.82499981 0.80000001 -0.40000001 4.82499981 -0.40000001 -0.40000001 1.22500002 -2.79999995 -0.40000001 2.42499995 -2.79999995 -0.40000001 1.22500002 -2.79999995 0 2.42499995 -2.79999995 0 1.22500002 -1.60000002 -0.40000001 1.22500002 -1.60000002 0 1.22500002 -0.40000001 0 1.22500002 0.80000001 0 1.22500002 -0.40000001 -0.40000001 1.22500002 0.80000001 -0.40000001 3.625 -2.79999995 -0.40000001 3.625 -2.79999995 0 4.82499981 -1.60000002 -0.40000001 4.82499981 -1.60000002 0 4.82499981 -2.79999995 -0.40000001 4.82499981 -2.79999995 0</float_array>
          <technique_common>
            <accessor source="#pos_2-array" count="108" stride="3">
              <param name="X" type="float"/>
              <param name="Y" type="float"/>
              <param name="Z" type="float"/>
            </accessor>
          </technique_common>
        </source>
        <source id="norm_2">
          <float_array id="norm_2-array" count="18">0 0 1 0 0 -1 0 1 0 -1 0 0 0 -1 0 1 0 0</float_array>
          <technique_common>
            <accessor source="#norm_2-array" count="18" stride="3">
              <param name="X" type="float"/>
              <param name="Y" type="float"/>
              <param name="Z" type="float"/>
            </accessor>
          </technique_common>
        </source>
        <vertices id="vert_2">
          <input semantic="POSITION" source="#pos_2"/>
        </vertices>
        <triangles count="72" material="mat_2">
          <input semantic="VERTEX" source="#vert_2" offset="0"/>
          <input semantic="NORMAL" source="#norm_2" offset="1"/>
          <p>0 0 1 0 2 0 2 0 1 0 3 0 4 1 5 1 6 1 6 1 5 1 7 1 6 2 7 2 3 2 3 2 7 2 2 2 7 3 5 3 2 3 2 3 5 3 0 3 5 4 4 4 0 4 0 4 4 4 1 4 4 5 6 5 1 5 1 5 6 5 3 5 8 5 9 5 10 5 10 5 9 5 11 5 12 4 8 4 13 4 13 4 8 4 10 4 14 3 12 3 15 3 15 3 12 3 13 3 9 2 14 2 11 2 11 2 14 2 15 2 8 1 12 1 9 1 9 1 12 1 14 1 13 0 10 0 15 0 15 0 10 0 11 0 16 0 1 0 17 0 17 0 1 0 11 0 4 1 18 1 9 1 9 1 18 1 19 1 9 4 19 4 11 4 11 4 19 4 17 4 19 5 18 5 17 5 17 5 18 5 16 5 18 2 4 2 16 2 16 2 4 2 1 2 4 3 9 3 1 3 1 3 9 3 11 3 20 4 21 4 22 4 22 4 21 4 23 4 24 3 20 3 25 3 25 3 20 3 22 3 12 2 24 2 13 2 13 2 24 2 25 2 21 5 12 5 23 5 23 5 12 5 13 5 20 1 24 1 21 1 21 1 24 1 12 1 25 0 22 0 13 0 13 0 22 0 23 0 26 0 15 0 27 0 27 0 15 0 0 0 14 1 28 1 5 1 5 1 28 1 29 1 5 2 29 2 0 2 0 2 29 2 27 2 29 3 28 3 27 3 27 3 28 3 26 3 28 4 14 4 26 4 26 4 14 4 15 4 14 5 5 5 15 5 15 5 5 5 0 5 8 3 30 3 10 3 10 3 30 3 31 3 32 2 8 2 33 2 33 2 8 2 10 2 34 5 32 5 35 5 35 5 32 5 33 5 30 4 34 4 31 4 31 4 34 4 35 4 8 1 32 1 30 1 30 1 32 1 34 1 33 0 10 0 35 0 35 0 10 0 31 0</p>
        </triangles>
      </mesh>
    </geometry>
    <geometry id="geometry_9730e036_650b_4a8d_9567_f3b49adca396">
      <mesh>
        <source id="pos_3">
          <float_array id="pos_3-array" count="66">2.42499995 0.80000001 0 1.22500002 0.80000001 0 2.42499995 2 0 1.22500002 2 0 1.22500002 0.80000001 0.2 2.42499995 0.80000001 0.2 1.22500002 2 0.2 2.42499995 2 0.2 2.42499995 -2.79999995 0 2.42499995 -1.60000002 0 3.625 -2.79999995 0 3.625 -1.60000002 0 2.42499995 -1.60000002 0.2 2.42499995 -2.79999995 0.2 3.625 -1.60000002 0.2 3.625 -2.79999995 0.2 4.82499981 -1.60000002 0.2 4.82499981 -1.60000002 0 3.625 -0.40000001 0.2 3.625 -0.40000001 0 4.82499981 -0.40000001 0.2 4.82499981 -0.40000001 0</float_array>
          <technique_common>
            <accessor source="#pos_3-array" count="66" stride="3">
              <param name="X" type="float"/>
              <param name="Y" type="float"/>
              <param name="Z" type="float"/>
            </accessor>
          </technique_common>
        </source>
        <source id="norm_3">
          <float_array id="norm_3-array" count="18">0 0 -1 0 0 1 0 1 0 -1 0 0 0 -1 0 1 0 0</float_array>
          <technique_common>
            <accessor source="#norm_3-array" count="18" stride="3">
              <param name="X" type="float"/>
              <param name="Y" type="float"/>
              <param name="Z" type="float"/>
            </accessor>
          </technique_common>
        </source>
        <vertices id="vert_3">
          <input semantic="POSITION" source="#pos_3"/>
        </vertices>
        <triangles count="36" material="mat_1">
          <input semantic="VERTEX" source="#vert_3" offset="0"/>
          <input semantic="NORMAL" source="#norm_3" offset="1"/>
          <p>0 0 1 0 2 0 2 0 1 0 3 0 4 1 5 1 6 1 6 1 5 1 7 1 6 2 7 2 3 2 3 2 7 2 2 2 4 3 6 3 1 3 1 3 6 3 3 3 5 4 4 4 0 4 0 4 4 4 1 4 7 5 5 5 2 5 2 5 5 5 0 5 8 0 9 0 10 0 10 0 9 0 11 0 12 1 13 1 14 1 14 1 13 1 15 1 14 5 15 5 11 5 11 5 15 5 10 5 12 2 14 2 9 2 9 2 14 2 11 2 13 3 12 3 8 3 8 3 12 3 9 3 15 4 13 4 10 4 10 4 13 4 8 4 16 4 14 4 17 4 17 4 14 4 11 4 14 3 18 3 11 3 11 3 18 3 19 3 18 2 20 2 19 2 19 2 20 2 21 2 20 5 16 5 21 5 21 5 16 5 17 5 18 1 14 1 20 1 20 1 14 1 16 1 11 0 19 0 17 0 17 0 19 0 21 0</p>
        </triangles>
      </mesh>
    </geometry>
    <geometry id="geometry_0b069b20_83ae_400d_9aec_562d4b775913">
      <mesh>
        <source id="pos_4">
          <float_array id="pos_4-array" count="24">4.82499981 0.80000001 0 3.625 0.80000001 0 4.82499981 2 0 3.625 2 0 3.625 0.80000001 0.2 4.82499981 0.80000001 0.2 3.625 2 0.2 4.82499981 2 0.2</float_array>
          <technique_common>
            <accessor source="#pos_4-array" count="24" stride="3">
              <param name="X" type="float"/>
              <param name="Y" type="float"/>
              <param name="Z" type="float"/>
            </accessor>
          </technique_common>
        </source>
        <source id="norm_4">
          <float_array id="norm_4-array" count="18">0 0 -1 0 0 1 0 1 0 -1 0 0 0 -1 0 1 0 0</float_array>
          <technique_common>
            <accessor source="#norm_4-array" count="18" stride="3">
              <param name="X" type="float"/>
              <param name="Y" type="float"/>
              <param name="Z" type="float"/>
            </accessor>
          </technique_common>
        </source>
        <vertices id="vert_4">
          <input semantic="POSITION" source="#pos_4"/>
        </vertices>
        <triangles count="12" material="mat_3">
          <input semantic="VERTEX" source="#vert_4" offset="0"/>
          <input semantic="NORMAL" source="#norm_4" offset="1"/>
          <p>0 0 1 0 2 0 2 0 1 0 3 0 4 1 5 1 6 1 6 1 5 1 7 1 6 2 7 2 3 2 3 2 7 2 2 2 4 3 6 3 1 3 1 3 6 3 3 3 5 4 4 4 0 4 0 4 4 4 1 4 7 5 5 5 2 5 2 5 5 5 0 5</p>
        </triangles>
      </mesh>
    </geometry>
    <geometry id="geometry_8055f32c_9022_4e79_9bd0_dce002394f16">
      <mesh>
        <source id="pos_5">
          <float_array id="pos_5-array" count="108">3.625 0.80000001 0 2.42499995 0.80000001 0 3.625 2 0 2.42499995 2 0 2.42499995 0.80000001 0.40000001 3.625 0.80000001 0.40000001 2.42499995 2 0.40000001 3.625 2 0.40000001 3.625 -0.40000001 0.40000001 3.625 -1.60000002 0.40000001 3.625 -0.40000001 0 3.625 -1.60000002 0 2.42499995 -1.60000002 0.40000001 2.42499995 -1.60000002 0 2.42499995 -0.40000001 0.40000001 2.42499995 -0.40000001 0 4.82499981 0.80000001 0 4.82499981 -0.40000001 0 4.82499981 0.80000001 0.40000001 4.82499981 -0.40000001 0.40000001 2.42499995 -2.79999995 0.40000001 1.22500002 -2.79999995 0.40000001 2.42499995 -2.79999995 0 1.22500002 -2.79999995 0 1.22500002 -1.60000002 0.40000001 1.22500002 -1.60000002 0 1.22500002 -0.40000001 0 1.22500002 0.80000001 0 1.22500002 -0.40000001 0.40000001 1.22500002 0.80000001 0.40000001 3.625 -2.79999995 0.40000001 3.625 -2.79999995 0 4.82499981 -1.60000002 0.40000001 4.82499981 -1.60000002 0 4.82499981 -2.79999995 0.40000001 4.82499981 -2.79999995 0</float_array>
          <technique_common>
            <accessor source="#pos_5-array" count="108" stride="3">
              <param name="X" type="float"/>
              <param name="Y" type="float"/>
              <param name="Z" type="float"/>
            </accessor>
          </technique_common>
        </source>
        <source id="norm_5">
          <float_array id="norm_5-array" count="18">0 0 -1 0 0 1 0 1 0 -1 0 0 0 -1 0 1 0 0</float_array>
          <technique_common>
            <accessor source="#norm_5-array" count="18" stride="3">
              <param name="X" type="float"/>
              <param name="Y" type="float"/>
              <param name="Z" type="float"/>
            </accessor>
          </technique_common>
        </source>
        <vertices id="vert_5">
          <input semantic="POSITION" source="#pos_5"/>
        </vertices>
        <triangles count="72" material="mat_2">
          <input semantic="VERTEX" source="#vert_5" offset="0"/>
          <input semantic="NORMAL" source="#norm_5" offset="1"/>
          <p>0 0 1 0 2 0 2 0 1 0 3 0 4 1 5 1 6 1 6 1 5 1 7 1 6 2 7 2 3 2 3 2 7 2 2 2 4 3 6 3 1 3 1 3 6 3 3 3 5 4 4 4 0 4 0 4 4 4 1 4 7 5 5 5 2 5 2 5 5 5 0 5 8 5 9 5 10 5 10 5 9 5 11 5 9 4 12 4 11 4 11 4 12 4 13 4 12 3 14 3 13 3 13 3 14 3 15 3 14 2 8 2 15 2 15 2 8 2 10 2 12 1 9 1 14 1 14 1 9 1 8 1 11 0 13 0 10 0 10 0 13 0 15 0 0 0 16 0 10 0 10 0 16 0 17 0 18 1 5 1 19 1 19 1 5 1 8 1 19 4 8 4 17 4 17 4 8 4 10 4 18 5 19 5 16 5 16 5 19 5 17 5 5 2 18 2 0 2 0 2 18 2 16 2 8 3 5 3 10 3 10 3 5 3 0 3 20 4 21 4 22 4 22 4 21 4 23 4 21 3 24 3 23 3 23 3 24 3 25 3 24 2 12 2 25 2 25 2 12 2 13 2 12 5 20 5 13 5 13 5 20 5 22 5 24 1 21 1 12 1 12 1 21 1 20 1 23 0 25 0 22 0 22 0 25 0 13 0 15 0 26 0 1 0 1 0 26 0 27 0 28 1 14 1 29 1 29 1 14 1 4 1 29 2 4 2 27 2 27 2 4 2 1 2 28 3 29 3 26 3 26 3 29 3 27 3 14 4 28 4 15 4 15 4 28 4 26 4 4 5 14 5 1 5 1 5 14 5 15 5 30 3 9 3 31 3 31 3 9 3 11 3 9 2 32 2 11 2 11 2 32 2 33 2 32 5 34 5 33 5 33 5 34 5 35 5 34 4 30 4 35 4 35 4 30 4 31 4 32 1 9 1 34 1 34 1 9 1 30 1 11 0 33 0 31 0 31 0 33 0 35 0</p>
        </triangles>
      </mesh>
    </geometry>
    <geometry id="geometry_5d61dd86_a87f_4e4c_8b08_3d37f7852541">
      <mesh>
        <source id="pos_6">
          <float_array id="pos_6-array" count="108">1.255 -4 0 4.79500008 -4 0 1.255 -2.79999995 0 4.79500008 -2.79999995 0 4.79500008 -4 -0.001 1.255 -4 -0.001 4.79500008 -2.79999995 -0.001 1.255 -2.79999995 -0.001 0.025 3.45000005 0 0.025 -4 0 1.22500002 3.45000005 0 1.22500002 -4 0 0.025 -4 -0.001 0.025 3.45000005 -0.001 1.22500002 -4 -0.001 1.22500002 3.45000005 -0.001 6.0250001 -4 0 6.0250001 1.97000003 0 4.82499981 -4 0 4.82499981 1.97000003 0 6.0250001 1.97000003 -0.001 6.0250001 -4 -0.001 4.82499981 1.97000003 -0.001 4.82499981 -4 -0.001 4.5250001 3.45000005 0 1.255 3.45000005 0 4.5250001 3.29999995 0 1.255 2 0 6.0250001 3.29999995 0 6.0250001 2 0 6.0250001 3.29999995 -0.001 6.0250001 2 -0.001 4.5250001 3.29999995 -0.001 1.255 2 -0.001 4.5250001 3.45000005 -0.001 1.255 3.45000005 -0.001</float_array>
          <technique_common>
            <accessor source="#pos_6-array" count="108" stride="3">
              <param name="X" type="float"/>
              <param name="Y" type="float"/>
              <param name="Z" type="float"/>
            </accessor>
          </technique_common>
        </source>
        <source id="norm_6">
          <float_array id="norm_6-array" count="18">0 0 1 0 0 -1 0 1 0 -1 0 0 0 -1 0 1 0 0</float_array>
          <technique_common>
            <accessor source="#norm_6-array" count="18" stride="3">
              <param name="X" type="float"/>
              <param name="Y" type="float"/>
              <param name="Z" type="float"/>
            </accessor>
          </technique_common>
        </source>
        <vertices id="vert_6">
          <input semantic="POSITION" source="#pos_6"/>
        </vertices>
        <triangles count="56" material="mat_4">
          <input semantic="VERTEX" source="#vert_6" offset="0"/>
          <input semantic="NORMAL" source="#norm_6" offset="1"/>
          <p>0 0 1 0 2 0 2 0 1 0 3 0 4 1 5 1 6 1 6 1 5 1 7 1 6 2 7 2 3 2 3 2 7 2 2 2 7 3 5 3 2 3 2 3 5 3 0 3 5 4 4 4 0 4 0 4 4 4 1 4 4 5 6 5 1 5 1 5 6 5 3 5 8 0 9 0 10 0 10 0 9 0 11 0 12 1 13 1 14 1 14 1 13 1 15 1 14 5 15 5 11 5 11 5 15 5 10 5 15 2 13 2 10 2 10 2 13 2 8 2 13 3 12 3 8 3 8 3 12 3 9 3 12 4 14 4 9 4 9 4 14 4 11 4 16 0 17 0 18 0 18 0 17 0 19 0 20 1 21 1 22 1 22 1 21 1 23 1 22 3 23 3 19 3 19 3 23 3 18 3 23 4 21 4 18 4 18 4 21 4 16 4 21 5 20 5 16 5 16 5 20 5 17 5 20 2 22 2 17 2 17 2 22 2 19 2 24 0 25 0 26 0 26 0 25 0 27 0 26 0 27 0 28 0 28 0 27 0 29 0 30 1 31 1 32 1 32 1 31 1 33 1 32 1 33 1 34 1 34 1 33 1 35 1 30 2 32 2 28 2 28 2 32 2 26 2 32 5 34 5 26 5 26 5 34 5 24 5 34 2 35 2 24 2 24 2 35 2 25 2 35 3 33 3 25 3 25 3 33 3 27 3 33 4 31 4 27 4 27 4 31 4 29 4 31 5 30 5 29 5 29 5 30 5 28 5</p>
        </triangles>
      </mesh>
    </geometry>
    <geometry id="geometry_7e326024_404f_419f_8331_c0d46d060b3f">
      <mesh>
        <source id="pos_7">
          <float_array id="pos_7-array" count="84">1.02499998 3.79999995 0 1.02499998 3.5 0 0 3.45000005 0 2.5250001 3.5 0 5.0250001 6 0 5.0250001 5 0 4.5250001 4.80000019 0 0 6.05000019 0 6.07499981 6.05000019 0 6.07499981 4.80000019 0 6.0250001 5 0 6.0250001 6 0 2.5250001 3.79999995 0 4.5250001 3.45000005 0 5.0250001 5 0.40000001 4.5250001 4.80000019 0.40000001 6.0250001 5 0.40000001 6.07499981 4.80000019 0.40000001 6.07499981 6.05000019 0.40000001 5.0250001 6 0.40000001 2.5250001 3.79999995 0.40000001 4.5250001 3.45000005 0.40000001 2.5250001 3.5 0.40000001 0 3.45000005 0.40000001 1.02499998 3.5 0.40000001 0 6.05000019 0.40000001 1.02499998 3.79999995 0.40000001 6.0250001 6 0.40000001</float_array>
          <technique_common>
            <accessor source="#pos_7-array" count="84" stride="3">
              <param name="X" type="float"/>
              <param name="Y" type="float"/>
              <param name="Z" type="float"/>
            </accessor>
          </technique_common>
        </source>
        <source id="norm_7">
          <float_array id="norm_7-array" count="18">0 0 -1 0 0 1 0 -1 0 1 0 0 0 1 0 -1 0 0</float_array>
          <technique_common>
            <accessor source="#norm_7-array" count="18" stride="3">
              <param name="X" type="float"/>
              <param name="Y" type="float"/>
              <param name="Z" type="float"/>
            </accessor>
          </technique_common>
        </source>
        <vertices id="vert_7">
          <input semantic="POSITION" source="#pos_7"/>
        </vertices>
        <triangles count="60" material="mat_5">
          <input semantic="VERTEX" source="#vert_7" offset="0"/>
          <input semantic="NORMAL" source="#norm_7" offset="1"/>
          <p>0 0 1 0 2 0 2 0 1 0 3 0 4 0 5 0 6 0 4 0 7 0 8 0 6 0 5 0 9 0 9 0 5 0 10 0 9 0 10 0 8 0 8 0 10 0 11 0 8 0 11 0 4 0 2 0 7 0 0 0 0 0 7 0 4 0 0 0 4 0 12 0 12 0 4 0 6 0 12 0 6 0 3 0 3 0 6 0 13 0 3 0 13 0 2 0 14 1 15 1 16 1 16 1 15 1 17 1 16 1 17 1 18 1 14 1 19 1 15 1 15 1 19 1 20 1 15 1 20 1 21 1 21 1 20 1 22 1 21 1 22 1 23 1 23 1 22 1 24 1 23 1 24 1 25 1 25 1 24 1 26 1 26 1 20 1 25 1 25 1 20 1 19 1 25 1 19 1 18 1 18 1 19 1 27 1 18 1 27 1 16 1 21 2 23 2 13 2 13 2 23 2 2 2 15 3 21 3 6 3 6 3 21 3 13 3 17 2 15 2 9 2 9 2 15 2 6 2 14 4 16 4 5 4 5 4 16 4 10 4 19 3 14 3 4 3 4 3 14 3 5 3 23 5 25 5 2 5 2 5 25 5 7 5 20 2 26 2 12 2 12 2 26 2 0 2 22 5 20 5 3 5 3 5 20 5 12 5 24 4 22 4 1 4 1 4 22 4 3 4 26 3 24 3 0 3 0 3 24 3 1 3 27 5 11 5 16 5 16 5 11 5 10 5 8 4 7 4 18 4 18 4 7 4 25 4 9 3 8 3 17 3 17 3 8 3 18 3 11 2 27 2 4 2 4 2 27 2 19 2</p>
        </triangles>
      </mesh>
    </geometry>
    <geometry id="geometry_6cfacbc0_9193_49bd_a50a_81e02737082a">
      <mesh>
        <source id="pos_8">
          <float_array id="pos_8-array" count="42">2.42499995 0.80000001 0 2.42499995 -0.40000001 0 3.625 0.80000001 0 3.625 -0.40000001 0 2.42499995 -0.40000001 -0.60000002 2.42499995 0.80000001 -0.60000002 3.625 -0.40000001 -0.60000002 3.625 0.80000001 -0.60000002 1.22500002 -0.40000001 -0.60000002 1.22500002 -1.60000002 -0.60000002 1.22500002 -0.40000001 0 1.22500002 -1.60000002 0 2.42499995 -1.60000002 -0.60000002 2.42499995 -1.60000002 0</float_array>
          <technique_common>
            <accessor source="#pos_8-array" count="42" stride="3">
              <param name="X" type="float"/>
              <param name="Y" type="float"/>
              <param name="Z" type="float"/>
            </accessor>
          </technique_common>
        </source>
        <source id="norm_8">
          <float_array id="norm_8-array" count="18">0 0 1 0 0 -1 1 0 0 0 1 0 -1 0 0 0 -1 0</float_array>
          <technique_common>
            <accessor source="#norm_8-array" count="18" stride="3">
              <param name="X" type="float"/>
              <param name="Y" type="float"/>
              <param name="Z" type="float"/>
            </accessor>
          </technique_common>
        </source>
        <vertices id="vert_8">
          <input semantic="POSITION" source="#pos_8"/>
        </vertices>
        <triangles count="24" material="mat_0">
          <input semantic="VERTEX" source="#vert_8" offset="0"/>
          <input semantic="NORMAL" source="#norm_8" offset="1"/>
          <p>0 0 1 0 2 0 2 0 1 0 3 0 4 1 5 1 6 1 6 1 5 1 7 1 6 2 7 2 3 2 3 2 7 2 2 2 7 3 5 3 2 3 2 3 5 3 0 3 5 4 4 4 0 4 0 4 4 4 1 4 4 5 6 5 1 5 1 5 6 5 3 5 8 4 9 4 10 4 10 4 9 4 11 4 4 3 8 3 1 3 1 3 8 3 10 3 12 2 4 2 13 2 13 2 4 2 1 2 9 5 12 5 11 5 11 5 12 5 13 5 8 1 4 1 9 1 9 1 4 1 12 1 1 0 10 0 13 0 13 0 10 0 11 0</p>
        </triangles>
      </mesh>
    </geometry>
    <geometry id="geometry_c815ac5b_58f1_4b83_b873_fad0b344bd2a">
      <mesh>
        <source id="pos_9">
          <float_array id="pos_9-array" count="108">0.025 -4.03000021 0 6.0250001 -4.03000021 0 5.0250001 -5 0 6.0250001 -5 0 5.0250001 -6 0 3.80433559 -6 0 3.80433559 -5.69999981 0 3.00433564 -6 0 1.80433571 -6 0 3.00433564 -5.69999981 0 1.80433571 -5.19999981 0 0.1293357 -4.44999981 0 0.025 -4.44999981 0 0.025 -6 0 0.025 -5.6500001 0 1.00433564 -6 0 0.1293357 -5.6500001 0 1.00433564 -5.19999981 0 5.0250001 -5 0.001 6.0250001 -5 0.001 6.0250001 -4.03000021 0.001 1.80433571 -5.19999981 0.001 0.1293357 -4.44999981 0.001 0.025 -4.03000021 0.001 0.025 -4.44999981 0.001 0.025 -5.6500001 0.001 0.025 -6 0.001 0.1293357 -5.6500001 0.001 1.00433564 -6 0.001 1.00433564 -5.19999981 0.001 3.80433559 -5.69999981 0.001 3.80433559 -6 0.001 5.0250001 -6 0.001 3.00433564 -5.69999981 0.001 3.00433564 -6 0.001 1.80433571 -6 0.001</float_array>
          <technique_common>
            <accessor source="#pos_9-array" count="108" stride="3">
              <param name="X" type="float"/>
              <param name="Y" type="float"/>
              <param name="Z" type="float"/>
            </accessor>
          </technique_common>
        </source>
        <source id="norm_9">
          <float_array id="norm_9-array" count="18">0 0 -1 0 0 1 0 1 0 -1 0 0 0 -1 0 1 0 0</float_array>
          <technique_common>
            <accessor source="#norm_9-array" count="18" stride="3">
              <param name="X" type="float"/>
              <param name="Y" type="float"/>
              <param name="Z" type="float"/>
            </accessor>
          </technique_common>
        </source>
        <vertices id="vert_9">
          <input semantic="POSITION" source="#pos_9"/>
        </vertices>
        <triangles count="68" material="mat_6">
          <input semantic="VERTEX" source="#vert_9" offset="0"/>
          <input semantic="NORMAL" source="#norm_9" offset="1"/>
          <p>0 0 1 0 2 0 2 0 1 0 3 0 4 0 5 0 2 0 2 0 5 0 6 0 2 0 6 0 0 0 7 0 8 0 9 0 9 0 8 0 10 0 11 0 12 0 0 0 13 0 14 0 15 0 15 0 14 0 16 0 15 0 16 0 17 0 17 0 16 0 11 0 17 0 11 0 10 0 10 0 11 0 0 0 10 0 0 0 9 0 9 0 0 0 6 0 18 1 19 1 20 1 21 1 20 1 22 1 22 1 20 1 23 1 22 1 23 1 24 1 25 1 26 1 27 1 27 1 26 1 28 1 27 1 28 1 22 1 22 1 28 1 29 1 22 1 29 1 21 1 30 1 31 1 32 1 32 1 18 1 30 1 30 1 18 1 20 1 30 1 20 1 33 1 33 1 20 1 21 1 33 1 21 1 34 1 34 1 21 1 35 1 23 2 20 2 0 2 0 2 20 2 1 2 24 3 23 3 12 3 12 3 23 3 0 3 22 4 24 4 11 4 11 4 24 4 12 4 27 3 22 3 16 3 16 3 22 3 11 3 25 2 27 2 14 2 14 2 27 2 16 2 26 3 25 3 13 3 13 3 25 3 14 3 28 4 26 4 15 4 15 4 26 4 13 4 29 5 28 5 17 5 17 5 28 5 15 5 21 4 29 4 10 4 10 4 29 4 17 4 35 3 21 3 8 3 8 3 21 3 10 3 34 4 35 4 7 4 7 4 35 4 8 4 33 5 34 5 9 5 9 5 34 5 7 5 30 4 33 4 6 4 6 4 33 4 9 4 31 3 30 3 5 3 5 3 30 3 6 3 32 4 31 4 4 4 4 4 31 4 5 4 18 5 32 5 2 5 2 5 32 5 4 5 19 4 18 4 3 4 3 4 18 4 2 4 20 5 19 5 1 5 1 5 19 5 3 5</p>
        </triangles>
      </mesh>
    </geometry>
    <geometry id="geometry_b8460869_eb52_41db_8537_d5e10da5dfd7">
      <mesh>
        <source id="pos_10">
          <float_array id="pos_10-array" count="108">-5.0250001 -5 0 -6.0250001 -5 0 -6.0250001 -4.03000021 0 -1.80433571 -5.19999981 0 -0.1293357 -4.44999981 0 -0.025 -4.03000021 0 -0.025 -4.44999981 0 -0.025 -5.6500001 0 -0.025 -6 0 -0.1293357 -5.6500001 0 -1.00433564 -6 0 -1.00433564 -5.19999981 0 -3.80433559 -5.69999981 0 -3.80433559 -6 0 -5.0250001 -6 0 -3.00433564 -5.69999981 0 -3.00433564 -6 0 -1.80433571 -6 0 -0.025 -4.03000021 0.001 -6.0250001 -4.03000021 0.001 -5.0250001 -5 0.001 -6.0250001 -5 0.001 -5.0250001 -6 0.001 -3.80433559 -6 0.001 -3.80433559 -5.69999981 0.001 -3.00433564 -6 0.001 -1.80433571 -6 0.001 -3.00433564 -5.69999981 0.001 -1.80433571 -5.19999981 0.001 -0.1293357 -4.44999981 0.001 -0.025 -4.44999981 0.001 -0.025 -6 0.001 -0.025 -5.6500001 0.001 -1.00433564 -6 0.001 -0.1293357 -5.6500001 0.001 -1.00433564 -5.19999981 0.001</float_array>
          <technique_common>
            <accessor source="#pos_10-array" count="108" stride="3">
              <param name="X" type="float"/>
              <param name="Y" type="float"/>
              <param name="Z" type="float"/>
            </accessor>
          </technique_common>
        </source>
        <source id="norm_10">
          <float_array id="norm_10-array" count="18">0 0 -1 0 0 1 0 1 0 1 0 0 0 -1 0 -1 0 0</float_array>
          <technique_common>
            <accessor source="#norm_10-array" count="18" stride="3">
              <param name="X" type="float"/>
              <param name="Y" type="float"/>
              <param name="Z" type="float"/>
            </accessor>
          </technique_common>
        </source>
        <vertices id="vert_10">
          <input semantic="POSITION" source="#pos_10"/>
        </vertices>
        <triangles count="68" material="mat_7">
          <input semantic="VERTEX" source="#vert_10" offset="0"/>
          <input semantic="NORMAL" source="#norm_10" offset="1"/>
          <p>0 0 1 0 2 0 3 0 2 0 4 0 4 0 2 0 5 0 4 0 5 0 6 0 7 0 8 0 9 0 9 0 8 0 10 0 9 0 10 0 4 0 4 0 10 0 11 0 4 0 11 0 3 0 12 0 13 0 14 0 14 0 0 0 12 0 12 0 0 0 2 0 12 0 2 0 15 0 15 0 2 0 3 0 15 0 3 0 16 0 16 0 3 0 17 0 18 1 19 1 20 1 20 1 19 1 21 1 22 1 23 1 20 1 20 1 23 1 24 1 20 1 24 1 18 1 25 1 26 1 27 1 27 1 26 1 28 1 29 1 30 1 18 1 31 1 32 1 33 1 33 1 32 1 34 1 33 1 34 1 35 1 35 1 34 1 29 1 35 1 29 1 28 1 28 1 29 1 18 1 28 1 18 1 27 1 27 1 18 1 24 1 19 2 18 2 2 2 2 2 18 2 5 2 18 3 30 3 5 3 5 3 30 3 6 3 30 4 29 4 6 4 6 4 29 4 4 4 29 3 34 3 4 3 4 3 34 3 9 3 34 2 32 2 9 2 9 2 32 2 7 2 32 3 31 3 7 3 7 3 31 3 8 3 31 4 33 4 8 4 8 4 33 4 10 4 33 5 35 5 10 5 10 5 35 5 11 5 35 4 28 4 11 4 11 4 28 4 3 4 28 3 26 3 3 3 3 3 26 3 17 3 26 4 25 4 17 4 17 4 25 4 16 4 25 5 27 5 16 5 16 5 27 5 15 5 27 4 24 4 15 4 15 4 24 4 12 4 24 3 23 3 12 3 12 3 23 3 13 3 23 4 22 4 13 4 13 4 22 4 14 4 22 5 20 5 14 5 14 5 20 5 0 5 20 4 21 4 0 4 0 4 21 4 1 4 21 5 19 5 1 5 1 5 19 5 2 5</p>
        </triangles>
      </mesh>
    </geometry>
    <geometry id="geometry_7d006dc8_c47c_427e_be83_482adbc73d33">
      <mesh>
        <source id="pos_11">
          <float_array id="pos_11-array" count="108">4.79500008 -4 0 1.255 -4 0 4.79500008 -2.79999995 0 1.255 -2.79999995 0 1.255 -4 0.001 4.79500008 -4 0.001 1.255 -2.79999995 0.001 4.79500008 -2.79999995 0.001 0.025 -4 0 0.025 3.45000005 0 1.22500002 -4 0 1.22500002 3.45000005 0 0.025 3.45000005 0.001 0.025 -4 0.001 1.22500002 3.45000005 0.001 1.22500002 -4 0.001 6.0250001 1.97000003 0 6.0250001 -4 0 4.82499981 1.97000003 0 4.82499981 -4 0 6.0250001 -4 0.001 6.0250001 1.97000003 0.001 4.82499981 -4 0.001 4.82499981 1.97000003 0.001 6.0250001 3.29999995 0 6.0250001 2 0 4.5250001 3.29999995 0 1.255 2 0 4.5250001 3.45000005 0 1.255 3.45000005 0 4.5250001 3.45000005 0.001 1.255 3.45000005 0.001 4.5250001 3.29999995 0.001 1.255 2 0.001 6.0250001 3.29999995 0.001 6.0250001 2 0.001</float_array>
          <technique_common>
            <accessor source="#pos_11-array" count="108" stride="3">
              <param name="X" type="float"/>
              <param name="Y" type="float"/>
              <param name="Z" type="float"/>
            </accessor>
          </technique_common>
        </source>
        <source id="norm_11">
          <float_array id="norm_11-array" count="18">0 0 -1 0 0 1 0 1 0 -1 0 0 0 -1 0 1 0 0</float_array>
          <technique_common>
            <accessor source="#norm_11-array" count="18" stride="3">
              <param name="X" type="float"/>
              <param name="Y" type="float"/>
              <param name="Z" type="float"/>
            </accessor>
          </technique_common>
        </source>
        <vertices id="vert_11">
          <input semantic="POSITION" source="#pos_11"/>
        </vertices>
        <triangles count="56" material="mat_8">
          <input semantic="VERTEX" source="#vert_11" offset="0"/>
          <input semantic="NORMAL" source="#norm_11" offset="1"/>
          <p>0 0 1 0 2 0 2 0 1 0 3 0 4 1 5 1 6 1 6 1 5 1 7 1 6 2 7 2 3 2 3 2 7 2 2 2 4 3 6 3 1 3 1 3 6 3 3 3 5 4 4 4 0 4 0 4 4 4 1 4 7 5 5 5 2 5 2 5 5 5 0 5 8 0 9 0 10 0 10 0 9 0 11 0 12 1 13 1 14 1 14 1 13 1 15 1 14 5 15 5 11 5 11 5 15 5 10 5 12 2 14 2 9 2 9 2 14 2 11 2 13 3 12 3 8 3 8 3 12 3 9 3 15 4 13 4 10 4 10 4 13 4 8 4 16 0 17 0 18 0 18 0 17 0 19 0 20 1 21 1 22 1 22 1 21 1 23 1 22 3 23 3 19 3 19 3 23 3 18 3 20 4 22 4 17 4 17 4 22 4 19 4 21 5 20 5 16 5 16 5 20 5 17 5 23 2 21 2 18 2 18 2 21 2 16 2 24 0 25 0 26 0 26 0 25 0 27 0 26 0 27 0 28 0 28 0 27 0 29 0 30 1 31 1 32 1 32 1 31 1 33 1 32 1 33 1 34 1 34 1 33 1 35 1 32 2 34 2 26 2 26 2 34 2 24 2 30 5 32 5 28 5 28 5 32 5 26 5 31 2 30 2 29 2 29 2 30 2 28 2 33 3 31 3 27 3 27 3 31 3 29 3 35 4 33 4 25 4 25 4 33 4 27 4 34 5 35 5 24 5 24 5 35 5 25 5</p>
        </triangles>
      </mesh>
    </geometry>
    <geometry id="geometry_2a99b57c_8ab9_41df_b511_8fb26baeddb8">
      <mesh>
        <source id="pos_12">
          <float_array id="pos_12-array" count="24">6.07499981 -6.05000019 0 6.07499981 6.05000019 0 -6.07499981 -6.05000019 0 -6.07499981 6.05000019 0 6.07499981 6.05000019 -0.05 6.07499981 -6.05000019 -0.05 -6.07499981 6.05000019 -0.05 -6.07499981 -6.05000019 -0.05</float_array>
          <technique_common>
            <accessor source="#pos_12-array" count="24" stride="3">
              <param name="X" type="float"/>
              <param name="Y" type="float"/>
              <param name="Z" type="float"/>
            </accessor>
          </technique_common>
        </source>
        <source id="norm_12">
          <float_array id="norm_12-array" count="18">0 0 1 0 0 -1 -1 0 0 0 1 0 1 0 0 0 -1 0</float_array>
          <technique_common>
            <accessor source="#norm_12-array" count="18" stride="3">
              <param name="X" type="float"/>
              <param name="Y" type="float"/>
              <param name="Z" type="float"/>
            </accessor>
          </technique_common>
        </source>
        <vertices id="vert_12">
          <input semantic="POSITION" source="#pos_12"/>
        </vertices>
        <triangles count="12" material="mat_9">
          <input semantic="VERTEX" source="#vert_12" offset="0"/>
          <input semantic="NORMAL" source="#norm_12" offset="1"/>
          <p>0 0 1 0 2 0 2 0 1 0 3 0 4 1 5 1 6 1 6 1 5 1 7 1 6 2 7 2 3 2 3 2 7 2 2 2 4 3 6 3 1 3 1 3 6 3 3 3 5 4 4 4 0 4 0 4 4 4 1 4 7 5 5 5 2 5 2 5 5 5 0 5</p>
        </triangles>
      </mesh>
    </geometry>
    <geometry id="geometry_7f38d061_0be2_4f9a_86fd_63fee9d519a3">
      <mesh>
        <source id="pos_13">
          <float_array id="pos_13-array" count="24">-4 3.45000005 0.80000001 -4 3.44000006 0.80000001 4 3.45000005 0.80000001 4 3.44000006 0.80000001 4 3.44000006 0.1 4 3.45000005 0.1 -4 3.45000005 0.1 -4 3.44000006 0.1</float_array>
          <technique_common>
            <accessor source="#pos_13-array" count="24" stride="3">
              <param name="X" type="float"/>
              <param name="Y" type="float"/>
              <param name="Z" type="float"/>
            </accessor>
          </technique_common>
        </source>
        <source id="norm_13">
          <float_array id="norm_13-array" count="18">0 0 1 1 0 0 0 1 0 -1 0 0 0 -1 0 0 0 -1</float_array>
          <technique_common>
            <accessor source="#norm_13-array" count="18" stride="3">
              <param name="X" type="float"/>
              <param name="Y" type="float"/>
              <param name="Z" type="float"/>
            </accessor>
          </technique_common>
        </source>
        <vertices id="vert_13">
          <input semantic="POSITION" source="#pos_13"/>
        </vertices>
        <triangles count="12" material="mat_10">
          <input semantic="VERTEX" source="#vert_13" offset="0"/>
          <input semantic="NORMAL" source="#norm_13" offset="1"/>
          <p>0 0 1 0 2 0 2 0 1 0 3 0 3 1 4 1 2 1 2 1 4 1 5 1 2 2 5 2 0 2 0 2 5 2 6 2 0 3 6 3 1 3 1 3 6 3 7 3 1 4 7 4 3 4 3 4 7 4 4 4 7 5 6 5 4 5 4 5 6 5 5 5</p>
        </triangles>
      </mesh>
    </geometry>
    <geometry id="geometry_deb8b279_a09e_442a_92fc_8953d069245a">
      <mesh>
        <source id="pos_14">
          <float_array id="pos_14-array" count="144">3.76433563 -6 0.001 3.76433563 -5.69999981 0.001 3.80433559 -6 0.001 3.80433559 -5.69999981 0.001 3.76433563 -6 0.041 3.80433559 -6 0.041 3.76433563 -5.84000015 0.041 3.80433559 -5.84000015 0.041 3.80433559 -5.83500004 0.461 3.80433559 -5.84000015 0.461 3.80433559 -5.69999981 0.041 3.80433559 -5.80000019 0.041 3.80433559 -5.80000019 0.49599999 3.80433559 -5.83500004 0.49599999 3.76433563 -5.69999981 0.041 3.76433563 -5.80000019 0.041 3.76433563 -5.83500004 0.49599999 3.76433563 -5.80000019 0.49599999 3.76433563 -5.83500004 0.461 3.76433563 -5.84000015 0.461 3.00433564 -5.69999981 0.001 3.0443356 -5.69999981 0.001 3.00433564 -6 0.001 3.0443356 -6 0.001 3.0443356 -6 0.041 3.00433564 -6 0.041 3.00433564 -5.69999981 0.041 3.0443356 -5.69999981 0.041 3.00433564 -5.80000019 0.041 3.00433564 -5.84000015 0.041 3.00433564 -5.83500004 0.49599999 3.00433564 -5.80000019 0.49599999 3.00433564 -5.83500004 0.461 3.00433564 -5.84000015 0.461 3.0443356 -5.84000015 0.041 3.0443356 -5.80000019 0.041 3.0443356 -5.84000015 0.461 3.0443356 -5.80000019 0.49599999 3.0443356 -5.83500004 0.461 3.0443356 -5.83500004 0.49599999 3.00433564 -5.73999977 0.041 3.80433559 -5.73999977 0.041 3.00433564 -5.78000021 0.041 3.80433559 -5.78000021 0.041 3.80433559 -5.73999977 0.081 3.00433564 -5.73999977 0.081 3.80433559 -5.78000021 0.081 3.00433564 -5.78000021 0.081</float_array>
          <technique_common>
            <accessor source="#pos_14-array" count="144" stride="3">
              <param name="X" type="float"/>
              <param name="Y" type="float"/>
              <param name="Z" type="float"/>
            </accessor>
          </technique_common>
        </source>
        <source id="norm_14">
          <float_array id="norm_14-array" count="21">0 0 -1 0 0 1 1 0 0 0 1 0 -1 0 0 0 -1 0 -0 0 -1</float_array>
          <technique_common>
            <accessor source="#norm_14-array" count="21" stride="3">
              <param name="X" type="float"/>
              <param name="Y" type="float"/>
              <param name="Z" type="float"/>
            </accessor>
          </technique_common>
        </source>
        <vertices id="vert_14">
          <input semantic="POSITION" source="#pos_14"/>
        </vertices>
        <triangles count="84" material="mat_9">
          <input semantic="VERTEX" source="#vert_14" offset="0"/>
          <input semantic="NORMAL" source="#norm_14" offset="1"/>
          <p>0 0 1 0 2 0 2 0 1 0 3 0 4 1 5 1 6 1 6 1 5 1 7 1 7 2 5 2 2 2 8 2 9 2 7 2 3 2 10 2 11 2 2 2 3 2 7 2 7 2 3 2 11 2 7 2 11 2 8 2 8 2 11 2 12 2 8 2 12 2 13 2 14 3 10 3 1 3 1 3 10 3 3 3 14 4 1 4 15 4 15 4 1 4 0 4 15 4 0 4 6 4 6 4 0 4 4 4 16 4 17 4 18 4 18 4 17 4 15 4 18 4 15 4 19 4 19 4 15 4 6 4 5 5 4 5 2 5 2 5 4 5 0 5 10 1 14 1 11 1 11 1 14 1 15 1 17 3 12 3 15 3 15 3 12 3 11 3 12 1 17 1 13 1 13 1 17 1 16 1 6 5 7 5 19 5 19 5 7 5 9 5 16 5 18 5 13 5 13 5 18 5 8 5 8 1 18 1 9 1 9 1 18 1 19 1 20 0 21 0 22 0 22 0 21 0 23 0 24 5 25 5 23 5 23 5 25 5 22 5 26 3 27 3 20 3 20 3 27 3 21 3 26 4 20 4 28 4 28 4 20 4 22 4 28 4 22 4 29 4 29 4 22 4 25 4 30 4 31 4 32 4 32 4 31 4 28 4 32 4 28 4 33 4 33 4 28 4 29 4 25 1 24 1 29 1 29 1 24 1 34 1 27 1 26 1 35 1 35 1 26 1 28 1 29 5 34 5 33 5 33 5 34 5 36 5 31 3 37 3 28 3 28 3 37 3 35 3 34 2 24 2 23 2 35 2 37 2 38 2 38 2 37 2 39 2 21 2 27 2 35 2 38 2 36 2 35 2 35 2 36 2 34 2 35 2 34 2 21 2 21 2 34 2 23 2 37 1 31 1 39 1 39 1 31 1 30 1 39 5 30 5 38 5 38 5 30 5 32 5 38 1 32 1 36 1 36 1 32 1 33 1 40 6 41 6 42 6 42 6 41 6 43 6 44 1 45 1 46 1 46 1 45 1 47 1 46 5 47 5 43 5 43 5 47 5 42 5 44 2 46 2 41 2 41 2 46 2 43 2 45 3 44 3 40 3 40 3 44 3 41 3 47 4 45 4 42 4 42 4 45 4 40 4</p>
        </triangles>
      </mesh>
    </geometry>
    <geometry id="geometry_b4c7473f_f271_4812_9a1b_17a5fc2b9f09">
      <mesh>
        <source id="pos_15">
          <float_array id="pos_15-array" count="30">4.5250001 4.80000019 0 4.5250001 3.45000005 0 4.5250001 4.80000019 0.40000001 4.5250001 3.45000005 0.001 4.5250001 3.29999995 0.001 6.07499981 3.29999995 0.001 6.07499981 4.80000019 0.40000001 6.07499981 3.45000005 0.001 6.07499981 3.45000005 0 6.07499981 4.80000019 0</float_array>
          <technique_common>
            <accessor source="#pos_15-array" count="30" stride="3">
              <param name="X" type="float"/>
              <param name="Y" type="float"/>
              <param name="Z" type="float"/>
            </accessor>
          </technique_common>
        </source>
        <source id="norm_15">
          <float_array id="norm_15-array" count="18">-1 0 0 0 -0.25706 0.9664 0 0 -1 0 -1 0 0 1 0 1 0 0</float_array>
          <technique_common>
            <accessor source="#norm_15-array" count="18" stride="3">
              <param name="X" type="float"/>
              <param name="Y" type="float"/>
              <param name="Z" type="float"/>
            </accessor>
          </technique_common>
        </source>
        <vertices id="vert_15">
          <input semantic="POSITION" source="#pos_15"/>
        </vertices>
        <triangles count="16" material="mat_9">
          <input semantic="VERTEX" source="#vert_15" offset="0"/>
          <input semantic="NORMAL" source="#norm_15" offset="1"/>
          <p>0 0 1 0 2 0 2 0 1 0 3 0 2 0 3 0 4 0 5 1 6 1 4 1 4 1 6 1 2 1 7 2 5 2 3 2 3 2 5 2 4 2 8 3 7 3 1 3 1 3 7 3 3 3 9 2 8 2 0 2 0 2 8 2 1 2 6 4 9 4 2 4 2 4 9 4 0 4 8 5 9 5 7 5 7 5 9 5 6 5 7 5 6 5 5 5</p>
        </triangles>
      </mesh>
    </geometry>
    <geometry id="geometry_fb42207e_b225_4607_898c_973102dda90d">
      <mesh>
        <source id="pos_16">
          <float_array id="pos_16-array" count="24">5.0250001 5 0 5.0250001 6 0 6.0250001 5 0 6.0250001 6 0 5.0250001 6 0.40000001 5.0250001 5 0.40000001 6.0250001 6 0.40000001 6.0250001 5 0.40000001</float_array>
          <technique_common>
            <accessor source="#pos_16-array" count="24" stride="3">
              <param name="X" type="float"/>
              <param name="Y" type="float"/>
              <param name="Z" type="float"/>
            </accessor>
          </technique_common>
        </source>
        <source id="norm_16">
          <float_array id="norm_16-array" count="18">0 0 -1 0 0 1 1 0 0 0 1 0 -1 0 0 0 -1 0</float_array>
          <technique_common>
            <accessor source="#norm_16-array" count="18" stride="3">
              <param name="X" type="float"/>
              <param name="Y" type="float"/>
              <param name="Z" type="float"/>
            </accessor>
          </technique_common>
        </source>
        <vertices id="vert_16">
          <input semantic="POSITION" source="#pos_16"/>
        </vertices>
        <triangles count="12" material="mat_11">
          <input semantic="VERTEX" source="#vert_16" offset="0"/>
          <input semantic="NORMAL" source="#norm_16" offset="1"/>
          <p>0 0 1 0 2 0 2 0 1 0 3 0 4 1 5 1 6 1 6 1 5 1 7 1 6 2 7 2 3 2 3 2 7 2 2 2 4 3 6 3 1 3 1 3 6 3 3 3 5 4 4 4 0 4 0 4 4 4 1 4 7 5 5 5 2 5 2 5 5 5 0 5</p>
        </triangles>
      </mesh>
    </geometry>
    <geometry id="geometry_e7c5525b_b3ae_4884_90de_5f3a4da3294e">
      <mesh>
        <source id="pos_17">
          <float_array id="pos_17-array" count="24">2.5250001 3.79999995 0 1.02499998 3.79999995 0 2.5250001 3.5 0 1.02499998 3.5 0 1.02499998 3.79999995 -0.40000001 2.5250001 3.79999995 -0.40000001 1.02499998 3.5 -0.40000001 2.5250001 3.5 -0.40000001</float_array>
          <technique_common>
            <accessor source="#pos_17-array" count="24" stride="3">
              <param name="X" type="float"/>
              <param name="Y" type="float"/>
              <param name="Z" type="float"/>
            </accessor>
          </technique_common>
        </source>
        <source id="norm_17">
          <float_array id="norm_17-array" count="18">0 0 1 0 0 -1 0 -1 0 1 0 0 0 1 0 -1 0 0</float_array>
          <technique_common>
            <accessor source="#norm_17-array" count="18" stride="3">
              <param name="X" type="float"/>
              <param name="Y" type="float"/>
              <param name="Z" type="float"/>
            </accessor>
          </technique_common>
        </source>
        <vertices id="vert_17">
          <input semantic="POSITION" source="#pos_17"/>
        </vertices>
        <triangles count="12" material="mat_12">
          <input semantic="VERTEX" source="#vert_17" offset="0"/>
          <input semantic="NORMAL" source="#norm_17" offset="1"/>
          <p>0 0 1 0 2 0 2 0 1 0 3 0 4 1 5 1 6 1 6 1 5 1 7 1 6 2 7 2 3 2 3 2 7 2 2 2 7 3 5 3 2 3 2 3 5 3 0 3 5 4 4 4 0 4 0 4 4 4 1 4 4 5 6 5 1 5 1 5 6 5 3 5</p>
        </triangles>
      </mesh>
    </geometry>
    <geometry id="geometry_998edbee_1332_451a_b28f_b1fead491b80">
      <mesh>
        <source id="pos_18">
          <float_array id="pos_18-array" count="12">2.5250001 3.79999995 0.40000001 1.02499998 3.79999995 0.40000001 2.5250001 3.5 0.40000001 1.02499998 3.5 0.40000001</float_array>
          <technique_common>
            <accessor source="#pos_18-array" count="12" stride="3">
              <param name="X" type="float"/>
              <param name="Y" type="float"/>
              <param name="Z" type="float"/>
            </accessor>
          </technique_common>
        </source>
        <source id="norm_18">
          <float_array id="norm_18-array" count="3">0 0 1</float_array>
          <technique_common>
            <accessor source="#norm_18-array" count="3" stride="3">
              <param name="X" type="float"/>
              <param name="Y" type="float"/>
              <param name="Z" type="float"/>
            </accessor>
          </technique_common>
        </source>
        <vertices id="vert_18">
          <input semantic="POSITION" source="#pos_18"/>
        </vertices>
        <triangles count="2" material="mat_13">
          <input semantic="VERTEX" source="#vert_18" offset="0"/>
          <input semantic="NORMAL" source="#norm_18" offset="1"/>
          <p>0 0 1 0 2 0 2 0 1 0 3 0</p>
        </triangles>
      </mesh>
    </geometry>
    <geometry id="geometry_4321f4f1_843b_4e23_b526_8613bf5185fe">
      <mesh>
        <source id="pos_19">
          <float_array id="pos_19-array" count="24">1.02499998 3.79999995 0 2.5250001 3.79999995 0 1.02499998 3.5 0 2.5250001 3.5 0 2.5250001 3.5 0.40000001 1.02499998 3.5 0.40000001 2.5250001 3.79999995 0.40000001 1.02499998 3.79999995 0.40000001</float_array>
          <technique_common>
            <accessor source="#pos_19-array" count="24" stride="3">
              <param name="X" type="float"/>
              <param name="Y" type="float"/>
              <param name="Z" type="float"/>
            </accessor>
          </technique_common>
        </source>
        <source id="norm_19">
          <float_array id="norm_19-array" count="15">0 0 -1 0 -1 0 1 0 0 0 1 0 -1 0 0</float_array>
          <technique_common>
            <accessor source="#norm_19-array" count="15" stride="3">
              <param name="X" type="float"/>
              <param name="Y" type="float"/>
              <param name="Z" type="float"/>
            </accessor>
          </technique_common>
        </source>
        <vertices id="vert_19">
          <input semantic="POSITION" source="#pos_19"/>
        </vertices>
        <triangles count="10" material="mat_3">
          <input semantic="VERTEX" source="#vert_19" offset="0"/>
          <input semantic="NORMAL" source="#norm_19" offset="1"/>
          <p>0 0 1 0 2 0 2 0 1 0 3 0 4 1 5 1 3 1 3 1 5 1 2 1 6 2 4 2 1 2 1 2 4 2 3 2 7 3 6 3 0 3 0 3 6 3 1 3 5 4 7 4 2 4 2 4 7 4 0 4</p>
        </triangles>
      </mesh>
    </geometry>
    <geometry id="geometry_1a592df2_db12_4e9c_b81c_70ad5a3e2c86">
      <mesh>
        <source id="pos_20">
          <float_array id="pos_20-array" count="30">4.5250001 3.45000005 0 4.5250001 4.80000019 0 4.5250001 3.45000005 -0.001 4.5250001 4.80000019 -0.40000001 4.5250001 3.29999995 -0.001 6.07499981 4.80000019 -0.40000001 6.07499981 3.29999995 -0.001 6.07499981 3.45000005 -0.001 6.07499981 3.45000005 0 6.07499981 4.80000019 0</float_array>
          <technique_common>
            <accessor source="#pos_20-array" count="30" stride="3">
              <param name="X" type="float"/>
              <param name="Y" type="float"/>
              <param name="Z" type="float"/>
            </accessor>
          </technique_common>
        </source>
        <source id="norm_20">
          <float_array id="norm_20-array" count="18">-1 0 0 0 -0.25706 -0.9664 0 0 1 0 -1 0 0 1 0 1 0 0</float_array>
          <technique_common>
            <accessor source="#norm_20-array" count="18" stride="3">
              <param name="X" type="float"/>
              <param name="Y" type="float"/>
              <param name="Z" type="float"/>
            </accessor>
          </technique_common>
        </source>
        <vertices id="vert_20">
          <input semantic="POSITION" source="#pos_20"/>
        </vertices>
        <triangles count="16" material="mat_9">
          <input semantic="VERTEX" source="#vert_20" offset="0"/>
          <input semantic="NORMAL" source="#norm_20" offset="1"/>
          <p>0 0 1 0 2 0 2 0 1 0 3 0 2 0 3 0 4 0 5 1 6 1 3 1 3 1 6 1 4 1 6 2 7 2 4 2 4 2 7 2 2 2 7 3 8 3 2 3 2 3 8 3 0 3 8 2 9 2 0 2 0 2 9 2 1 2 9 4 5 4 1 4 1 4 5 4 3 4 9 5 8 5 5 5 5 5 8 5 7 5 5 5 7 5 6 5</p>
        </triangles>
      </mesh>
    </geometry>
    <geometry id="geometry_07c15f06_1b63_42d0_84fa_9aa5d34cf966">
      <mesh>
        <source id="pos_21">
          <float_array id="pos_21-array" count="24">5.0250001 6 0 5.0250001 5 0 6.0250001 6 0 6.0250001 5 0 5.0250001 5 -0.40000001 5.0250001 6 -0.40000001 6.0250001 5 -0.40000001 6.0250001 6 -0.40000001</float_array>
          <technique_common>
            <accessor source="#pos_21-array" count="24" stride="3">
              <param name="X" type="float"/>
              <param name="Y" type="float"/>
              <param name="Z" type="float"/>
            </accessor>
          </technique_common>
        </source>
        <source id="norm_21">
          <float_array id="norm_21-array" count="18">0 0 1 0 0 -1 1 0 0 0 1 0 -1 0 0 0 -1 0</float_array>
          <technique_common>
            <accessor source="#norm_21-array" count="18" stride="3">
              <param name="X" type="float"/>
              <param name="Y" type="float"/>
              <param name="Z" type="float"/>
            </accessor>
          </technique_common>
        </source>
        <vertices id="vert_21">
          <input semantic="POSITION" source="#pos_21"/>
        </vertices>
        <triangles count="12" material="mat_14">
          <input semantic="VERTEX" source="#vert_21" offset="0"/>
          <input semantic="NORMAL" source="#norm_21" offset="1"/>
          <p>0 0 1 0 2 0 2 0 1 0 3 0 4 1 5 1 6 1 6 1 5 1 7 1 6 2 7 2 3 2 3 2 7 2 2 2 7 3 5 3 2 3 2 3 5 3 0 3 5 4 4 4 0 4 0 4 4 4 1 4 4 5 6 5 1 5 1 5 6 5 3 5</p>
        </triangles>
      </mesh>
    </geometry>
    <geometry id="geometry_9980a428_c153_427b_a921_e76294e20d7b">
      <mesh>
        <source id="pos_22">
          <float_array id="pos_22-array" count="966">0.1293357 -5.6500001 0 -0.1293357 -5.6500001 0 0.1293357 -4.44999981 0 -0.1293357 -4.44999981 0 0.00077646 -4.55289793 0.5 -0 -4.55299997 0.5 -0.06616785 -4.6500001 0.5 0.0015 -4.552598 0.5 0.1293357 -4.6500001 0.5 0.00212132 -4.55212116 0.5 0.00259808 -4.55149984 0.5 0.00077646 -4.54710245 0.5 0.1293357 -4.44999981 0.5 0 -4.54699993 0.5 -0.06616785 -4.44999981 0.5 -0.00077646 -4.54710245 0.5 0.0015 -4.54740191 0.5 0.00212132 -4.54787874 0.5 0.00259808 -4.54850006 0.5 0.00289778 -4.54922342 0.5 0.003 -4.55000019 0.5 0.00289778 -4.55077648 0.5 -0.00077646 -4.55289793 0.5 -0.0015 -4.552598 0.5 -0.00212132 -4.55212116 0.5 -0.00289778 -4.54922342 0.5 -0.00259808 -4.54850006 0.5 -0.00212132 -4.54787874 0.5 -0.0015 -4.54740191 0.5 -0.00259808 -4.55149984 0.5 -0.00289778 -4.55077648 0.5 -0.003 -4.55000019 0.5 -0.00077646 -4.74710226 0.5 0 -4.74700022 0.5 0.00077646 -4.75289774 0.5 -0 -4.75299978 0.5 -0.06616785 -4.8499999 0.5 0.0015 -4.75259829 0.5 0.1293357 -4.8499999 0.5 0.00212132 -4.75212145 0.5 0.00259808 -4.75150013 0.5 0.00077646 -4.74710226 0.5 0.0015 -4.74740171 0.5 0.00212132 -4.74787855 0.5 0.00259808 -4.74849987 0.5 0.00289778 -4.74922371 0.5 0.003 -4.75 0.5 0.00289778 -4.75077629 0.5 -0.00077646 -4.75289774 0.5 -0.0015 -4.75259829 0.5 -0.00212132 -4.75212145 0.5 -0.00289778 -4.74922371 0.5 -0.00259808 -4.74849987 0.5 -0.00212132 -4.74787855 0.5 -0.0015 -4.74740171 0.5 -0.00259808 -4.75150013 0.5 -0.00289778 -4.75077629 0.5 -0.003 -4.75 0.5 -0.00077646 -4.94710207 0.5 0 -4.94700003 0.5 0.00077646 -4.95289755 0.5 -0 -4.95300007 0.5 -0.06616785 -5.05000019 0.5 0.0015 -4.95259809 0.5 0.1293357 -5.05000019 0.5 0.00212132 -4.95212126 0.5 0.00259808 -4.95149994 0.5 0.00077646 -4.94710207 0.5 0.0015 -4.947402 0.5 0.00212132 -4.94787884 0.5 0.00259808 -4.94850016 0.5 0.00289778 -4.94922352 0.5 0.003 -4.94999981 0.5 0.00289778 -4.95077658 0.5 -0.00077646 -4.95289755 0.5 -0.0015 -4.95259809 0.5 -0.00212132 -4.95212126 0.5 -0.00289778 -4.94922352 0.5 -0.00259808 -4.94850016 0.5 -0.00212132 -4.94787884 0.5 -0.0015 -4.947402 0.5 -0.00259808 -4.95149994 0.5 -0.00289778 -4.95077658 0.5 -0.003 -4.94999981 0.5 -0.00077646 -5.14710236 0.5 0 -5.14699984 0.5 0.00077646 -5.15289783 0.5 -0 -5.15299988 0.5 -0.06616785 -5.25 0.5 0.0015 -5.1525979 0.5 0.1293357 -5.25 0.5 0.00212132 -5.15212154 0.5 0.00259808 -5.15150023 0.5 0.00077646 -5.14710236 0.5 0.0015 -5.14740181 0.5 0.00212132 -5.14787865 0.5 0.00259808 -5.14849997 0.5 0.00289778 -5.14922333 0.5 0.003 -5.1500001 0.5 0.00289778 -5.15077639 0.5 -0.00077646 -5.15289783 0.5 -0.0015 -5.1525979 0.5 -0.00212132 -5.15212154 0.5 -0.00289778 -5.14922333 0.5 -0.00259808 -5.14849997 0.5 -0.00212132 -5.14787865 0.5 -0.0015 -5.14740181 0.5 -0.00259808 -5.15150023 0.5 -0.00289778 -5.15077639 0.5 -0.003 -5.1500001 0.5 -0.00077646 -5.34710217 0.5 0 -5.34700012 0.5 0.00259808 -5.35150003 0.5 0.00212132 -5.35212135 0.5 0.1293357 -5.44999981 0.5 0.0015 -5.35259819 0.5 -0.06616785 -5.44999981 0.5 0.00077646 -5.35289764 0.5 -0 -5.35300016 0.5 0.00077646 -5.34710217 0.5 0.0015 -5.3474021 0.5 0.00212132 -5.34787846 0.5 0.00259808 -5.34849977 0.5 0.00289778 -5.34922361 0.5 0.003 -5.3499999 0.5 0.00289778 -5.35077667 0.5 -0.00077646 -5.35289764 0.5 -0.0015 -5.35259819 0.5 -0.00212132 -5.35212135 0.5 -0.00289778 -5.34922361 0.5 -0.00259808 -5.34849977 0.5 -0.00212132 -5.34787846 0.5 -0.0015 -5.3474021 0.5 -0.00259808 -5.35150003 0.5 -0.00289778 -5.35077667 0.5 -0.003 -5.3499999 0.5 -0.00077646 -5.54710245 0.5 0 -5.54699993 0.5 0.1293357 -5.60150003 0.5 0.003 -5.55000019 0.5 0.00289778 -5.55077648 0.5 0.00259808 -5.55149984 0.5 0.00212132 -5.55212116 0.5 0.0015 -5.552598 0.5 0.00077646 -5.55289793 0.5 -0 -5.55299997 0.5 -0.06616785 -5.60150003 0.5 -0.00077646 -5.55289793 0.5 0.00077646 -5.54710245 0.5 0.0015 -5.54740191 0.5 -0.0015 -5.552598 0.5 -0.00212132 -5.55212116 0.5 -0.00259808 -5.55149984 0.5 0.00212132 -5.54787874 0.5 0.00259808 -5.54850006 0.5 0.00289778 -5.54922342 0.5 -0.00259808 -5.54850006 0.5 -0.00212132 -5.54787874 0.5 -0.0015 -5.54740191 0.5 -0.00289778 -5.55077648 0.5 -0.003 -5.55000019 0.5 -0.00289778 -5.54922342 0.5 0.1293357 -5.6500001 0.5 -0.06616785 -5.6500001 0.5 -0.1293357 -4.44999981 0.5 -0.1293357 -4.6500001 0.5 -0.1293357 -4.8499999 0.5 -0.1293357 -5.05000019 0.5 -0.1293357 -5.25 0.5 -0.1293357 -5.44999981 0.5 -0.1293357 -5.60150003 0.5 -0.1293357 -5.6500001 0.5 0.00259808 -4.95149994 0.528 0.00289778 -4.95077658 0.528 0 -4.94999981 0.528 0.003 -4.94999981 0.528 0.00289778 -4.94922352 0.528 0.00077646 -4.95289755 0.528 0.0015 -4.95259809 0.528 0.00212132 -4.95212126 0.528 -0.0015 -4.95259809 0.528 -0.00077646 -4.95289755 0.528 -0 -4.95300007 0.528 -0.00289778 -4.95077658 0.528 -0.00259808 -4.95149994 0.528 -0.00212132 -4.95212126 0.528 -0.00259808 -4.94850016 0.528 -0.00289778 -4.94922352 0.528 -0.003 -4.94999981 0.528 -0.00077646 -4.94710207 0.528 -0.0015 -4.947402 0.528 -0.00212132 -4.94787884 0.528 0.0015 -4.947402 0.528 0.00077646 -4.94710207 0.528 0 -4.94700003 0.528 0.00259808 -4.94850016 0.528 0.00212132 -4.94787884 0.528 0.00259808 -5.55149984 0.528 0.00289778 -5.55077648 0.528 0 -5.55000019 0.528 0.003 -5.55000019 0.528 0.00289778 -5.54922342 0.528 0.00077646 -5.55289793 0.528 0.0015 -5.552598 0.528 0.00212132 -5.55212116 0.528 -0.0015 -5.552598 0.528 -0.00077646 -5.55289793 0.528 -0 -5.55299997 0.528 -0.00289778 -5.55077648 0.528 -0.00259808 -5.55149984 0.528 -0.00212132 -5.55212116 0.528 -0.00259808 -5.54850006 0.528 -0.00289778 -5.54922342 0.528 -0.003 -5.55000019 0.528 -0.00077646 -5.54710245 0.528 -0.0015 -5.54740191 0.528 -0.00212132 -5.54787874 0.528 0.0015 -5.54740191 0.528 0.00077646 -5.54710245 0.528 0 -5.54699993 0.528 0.00259808 -5.54850006 0.528 0.00212132 -5.54787874 0.528 0.00259808 -4.75150013 0.528 0.00289778 -4.75077629 0.528 0 -4.75 0.528 0.003 -4.75 0.528 0.00289778 -4.74922371 0.528 0.00077646 -4.75289774 0.528 0.0015 -4.75259829 0.528 0.00212132 -4.75212145 0.528 -0.0015 -4.75259829 0.528 -0.00077646 -4.75289774 0.528 -0 -4.75299978 0.528 -0.00289778 -4.75077629 0.528 -0.00259808 -4.75150013 0.528 -0.00212132 -4.75212145 0.528 -0.00259808 -4.74849987 0.528 -0.00289778 -4.74922371 0.528 -0.003 -4.75 0.528 -0.00077646 -4.74710226 0.528 -0.0015 -4.74740171 0.528 -0.00212132 -4.74787855 0.528 0.0015 -4.74740171 0.528 0.00077646 -4.74710226 0.528 0 -4.74700022 0.528 0.00259808 -4.74849987 0.528 0.00212132 -4.74787855 0.528 0.00259808 -5.15150023 0.528 0.00289778 -5.15077639 0.528 0 -5.1500001 0.528 0.003 -5.1500001 0.528 0.00289778 -5.14922333 0.528 0.00077646 -5.15289783 0.528 0.0015 -5.1525979 0.528 0.00212132 -5.15212154 0.528 -0.0015 -5.1525979 0.528 -0.00077646 -5.15289783 0.528 -0 -5.15299988 0.528 -0.00289778 -5.15077639 0.528 -0.00259808 -5.15150023 0.528 -0.00212132 -5.15212154 0.528 -0.00259808 -5.14849997 0.528 -0.00289778 -5.14922333 0.528 -0.003 -5.1500001 0.528 -0.00077646 -5.14710236 0.528 -0.0015 -5.14740181 0.528 -0.00212132 -5.14787865 0.528 0.0015 -5.14740181 0.528 0.00077646 -5.14710236 0.528 0 -5.14699984 0.528 0.00259808 -5.14849997 0.528 0.00212132 -5.14787865 0.528 0.00259808 -5.35150003 0.528 0.00289778 -5.35077667 0.528 0 -5.3499999 0.528 0.003 -5.3499999 0.528 0.00289778 -5.34922361 0.528 0.00077646 -5.35289764 0.528 0.0015 -5.35259819 0.528 0.00212132 -5.35212135 0.528 -0.0015 -5.35259819 0.528 -0.00077646 -5.35289764 0.528 -0 -5.35300016 0.528 -0.00289778 -5.35077667 0.528 -0.00259808 -5.35150003 0.528 -0.00212132 -5.35212135 0.528 -0.00259808 -5.34849977 0.528 -0.00289778 -5.34922361 0.528 -0.003 -5.3499999 0.528 -0.00077646 -5.34710217 0.528 -0.0015 -5.3474021 0.528 -0.00212132 -5.34787846 0.528 0.0015 -5.3474021 0.528 0.00077646 -5.34710217 0.528 0 -5.34700012 0.528 0.00259808 -5.34849977 0.528 0.00212132 -5.34787846 0.528 0.00259808 -4.55149984 0.528 0.00289778 -4.55077648 0.528 0 -4.55000019 0.528 0.003 -4.55000019 0.528 0.00289778 -4.54922342 0.528 0.00077646 -4.55289793 0.528 0.0015 -4.552598 0.528 0.00212132 -4.55212116 0.528 -0.0015 -4.552598 0.528 -0.00077646 -4.55289793 0.528 -0 -4.55299997 0.528 -0.00289778 -4.55077648 0.528 -0.00259808 -4.55149984 0.528 -0.00212132 -4.55212116 0.528 -0.00259808 -4.54850006 0.528 -0.00289778 -4.54922342 0.528 -0.003 -4.55000019 0.528 -0.00077646 -4.54710245 0.528 -0.0015 -4.54740191 0.528 -0.00212132 -4.54787874 0.528 0.0015 -4.54740191 0.528 0.00077646 -4.54710245 0.528 0 -4.54699993 0.528 0.00259808 -4.54850006 0.528 0.00212132 -4.54787874 0.528</float_array>
          <technique_common>
            <accessor source="#pos_22-array" count="966" stride="3">
              <param name="X" type="float"/>
              <param name="Y" type="float"/>
              <param name="Z" type="float"/>
            </accessor>
          </technique_common>
        </source>
        <source id="norm_22">
          <float_array id="norm_22-array" count="87">0 0 -1 0 0 1 0 1 0 -1 0 0 0 -1 0 1 0 0 -0.96593 -0.25882 0 -0.86603 -0.5 0 -0.70711 -0.70711 0 -0.5 -0.86603 0 -0.25882 -0.96593 0 -0 -1 0 0.25882 -0.96593 0 0.5 -0.86603 0 0.70711 -0.70711 0 0.86603 -0.5 0 0.96593 -0.25882 0 1 -0 0 0.96593 0.25882 0 0.86603 0.5 0 0.70711 0.70711 0 0.5 0.86603 0 0.25882 0.96593 0 0 1 0 -0.25882 0.96593 0 -0.5 0.86603 0 -0.70711 0.70711 0 -0.86603 0.5 0 -0.96593 0.25882 0</float_array>
          <technique_common>
            <accessor source="#norm_22-array" count="87" stride="3">
              <param name="X" type="float"/>
              <param name="Y" type="float"/>
              <param name="Z" type="float"/>
            </accessor>
          </technique_common>
        </source>
        <vertices id="vert_22">
          <input semantic="POSITION" source="#pos_22"/>
        </vertices>
        <triangles count="640" material="mat_9">
          <input semantic="VERTEX" source="#vert_22" offset="0"/>
          <input semantic="NORMAL" source="#norm_22" offset="1"/>
          <p>0 0 1 0 2 0 2 0 1 0 3 0 4 1 5 1 6 1 7 1 8 1 9 1 9 1 8 1 10 1 4 1 6 1 7 1 11 1 12 1 13 1 13 1 12 1 14 1 13 1 14 1 15 1 11 1 16 1 12 1 12 1 16 1 17 1 12 1 17 1 18 1 18 1 19 1 12 1 12 1 19 1 20 1 12 1 20 1 8 1 8 1 20 1 21 1 8 1 21 1 10 1 5 1 22 1 6 1 6 1 22 1 23 1 6 1 23 1 24 1 25 1 26 1 14 1 26 1 27 1 14 1 14 1 27 1 28 1 14 1 28 1 15 1 24 1 29 1 6 1 6 1 29 1 30 1 6 1 30 1 14 1 14 1 30 1 31 1 14 1 31 1 25 1 32 1 33 1 6 1 34 1 35 1 36 1 37 1 38 1 39 1 39 1 38 1 40 1 34 1 36 1 37 1 7 1 6 1 8 1 8 1 6 1 33 1 8 1 33 1 41 1 41 1 42 1 8 1 8 1 42 1 43 1 8 1 43 1 44 1 44 1 45 1 8 1 8 1 45 1 46 1 8 1 46 1 38 1 38 1 46 1 47 1 38 1 47 1 40 1 35 1 48 1 36 1 36 1 48 1 49 1 36 1 49 1 50 1 51 1 52 1 6 1 52 1 53 1 6 1 6 1 53 1 54 1 6 1 54 1 32 1 50 1 55 1 36 1 36 1 55 1 56 1 36 1 56 1 6 1 6 1 56 1 57 1 6 1 57 1 51 1 58 1 59 1 36 1 60 1 61 1 62 1 63 1 64 1 65 1 65 1 64 1 66 1 60 1 62 1 63 1 37 1 36 1 38 1 38 1 36 1 59 1 38 1 59 1 67 1 67 1 68 1 38 1 38 1 68 1 69 1 38 1 69 1 70 1 70 1 71 1 38 1 38 1 71 1 72 1 38 1 72 1 64 1 64 1 72 1 73 1 64 1 73 1 66 1 61 1 74 1 62 1 62 1 74 1 75 1 62 1 75 1 76 1 77 1 78 1 36 1 78 1 79 1 36 1 36 1 79 1 80 1 36 1 80 1 58 1 76 1 81 1 62 1 62 1 81 1 82 1 62 1 82 1 36 1 36 1 82 1 83 1 36 1 83 1 77 1 84 1 85 1 62 1 86 1 87 1 88 1 89 1 90 1 91 1 91 1 90 1 92 1 86 1 88 1 89 1 63 1 62 1 64 1 64 1 62 1 85 1 64 1 85 1 93 1 93 1 94 1 64 1 64 1 94 1 95 1 64 1 95 1 96 1 96 1 97 1 64 1 64 1 97 1 98 1 64 1 98 1 90 1 90 1 98 1 99 1 90 1 99 1 92 1 87 1 100 1 88 1 88 1 100 1 101 1 88 1 101 1 102 1 103 1 104 1 62 1 104 1 105 1 62 1 62 1 105 1 106 1 62 1 106 1 84 1 102 1 107 1 88 1 88 1 107 1 108 1 88 1 108 1 62 1 62 1 108 1 109 1 62 1 109 1 103 1 110 1 111 1 88 1 112 1 113 1 114 1 114 1 113 1 115 1 114 1 115 1 116 1 116 1 115 1 117 1 116 1 117 1 118 1 89 1 88 1 90 1 90 1 88 1 111 1 90 1 111 1 119 1 119 1 120 1 90 1 90 1 120 1 121 1 90 1 121 1 122 1 122 1 123 1 90 1 90 1 123 1 124 1 90 1 124 1 114 1 114 1 124 1 125 1 114 1 125 1 112 1 118 1 126 1 116 1 116 1 126 1 127 1 116 1 127 1 128 1 129 1 130 1 88 1 130 1 131 1 88 1 88 1 131 1 132 1 88 1 132 1 110 1 128 1 133 1 116 1 116 1 133 1 134 1 116 1 134 1 88 1 88 1 134 1 135 1 88 1 135 1 129 1 136 1 137 1 116 1 138 1 139 1 140 1 140 1 141 1 138 1 138 1 141 1 142 1 138 1 142 1 143 1 144 1 145 1 146 1 146 1 145 1 147 1 116 1 137 1 114 1 114 1 137 1 148 1 114 1 148 1 149 1 147 1 150 1 146 1 146 1 150 1 151 1 146 1 151 1 152 1 149 1 153 1 114 1 114 1 153 1 154 1 114 1 154 1 138 1 138 1 154 1 155 1 138 1 155 1 139 1 156 1 157 1 116 1 116 1 157 1 158 1 116 1 158 1 136 1 152 1 159 1 146 1 146 1 159 1 160 1 146 1 160 1 116 1 116 1 160 1 161 1 116 1 161 1 156 1 143 1 144 1 138 1 138 1 144 1 146 1 138 1 146 1 162 1 162 1 146 1 163 1 14 1 164 1 6 1 6 1 164 1 165 1 6 1 165 1 36 1 36 1 165 1 166 1 36 1 166 1 62 1 62 1 166 1 167 1 62 1 167 1 88 1 88 1 167 1 168 1 88 1 168 1 116 1 116 1 168 1 169 1 116 1 169 1 146 1 146 1 169 1 170 1 146 1 170 1 163 1 163 1 170 1 171 1 12 2 2 2 14 2 14 2 2 2 3 2 14 2 3 2 164 2 165 3 164 3 3 3 171 3 170 3 1 3 1 3 170 3 169 3 169 3 168 3 1 3 1 3 168 3 167 3 1 3 167 3 3 3 3 3 167 3 166 3 3 3 166 3 165 3 171 4 1 4 163 4 163 4 1 4 0 4 163 4 0 4 162 4 12 5 8 5 2 5 2 5 8 5 38 5 2 5 38 5 0 5 0 5 38 5 64 5 0 5 64 5 90 5 90 5 114 5 0 5 0 5 114 5 138 5 0 5 138 5 162 5 172 1 173 1 174 1 174 1 173 1 175 1 174 1 175 1 176 1 177 1 178 1 174 1 174 1 178 1 179 1 174 1 179 1 172 1 180 1 181 1 174 1 174 1 181 1 182 1 174 1 182 1 177 1 183 1 184 1 174 1 174 1 184 1 185 1 174 1 185 1 180 1 186 1 187 1 174 1 174 1 187 1 188 1 174 1 188 1 183 1 189 1 190 1 174 1 174 1 190 1 191 1 174 1 191 1 186 1 192 1 193 1 174 1 174 1 193 1 194 1 174 1 194 1 189 1 176 1 195 1 174 1 174 1 195 1 196 1 174 1 196 1 192 1 188 3 82 6 183 6 183 6 82 6 81 7 183 6 81 7 184 7 184 7 81 7 76 8 184 7 76 8 185 8 185 8 76 8 75 9 185 8 75 9 180 9 180 9 75 9 74 10 180 9 74 10 181 10 181 10 74 10 61 11 181 10 61 11 182 11 182 11 61 11 60 12 182 11 60 12 177 12 177 12 60 12 63 13 177 12 63 13 178 13 178 13 63 13 65 14 178 13 65 14 179 14 179 14 65 14 66 15 179 14 66 15 172 15 172 15 66 15 73 16 172 15 73 16 173 16 173 16 73 16 72 17 173 16 72 17 175 17 175 17 72 17 71 18 175 17 71 18 176 18 176 18 71 18 70 19 176 18 70 19 195 19 195 19 70 19 69 20 195 19 69 20 196 20 196 20 69 20 68 21 196 20 68 21 192 21 192 21 68 21 67 22 192 21 67 22 193 22 193 22 67 22 59 23 193 22 59 23 194 23 194 23 59 23 58 24 194 23 58 24 189 24 189 24 58 24 80 25 189 24 80 25 190 25 190 25 80 25 79 26 190 25 79 26 191 26 191 26 79 26 78 27 191 26 78 27 186 27 186 27 78 27 77 28 186 27 77 28 187 28 187 28 77 28 83 3 187 28 83 3 188 3 188 3 83 3 82 6 197 1 198 1 199 1 199 1 198 1 200 1 199 1 200 1 201 1 202 1 203 1 199 1 199 1 203 1 204 1 199 1 204 1 197 1 205 1 206 1 199 1 199 1 206 1 207 1 199 1 207 1 202 1 208 1 209 1 199 1 199 1 209 1 210 1 199 1 210 1 205 1 211 1 212 1 199 1 199 1 212 1 213 1 199 1 213 1 208 1 214 1 215 1 199 1 199 1 215 1 216 1 199 1 216 1 211 1 217 1 218 1 199 1 199 1 218 1 219 1 199 1 219 1 214 1 201 1 220 1 199 1 199 1 220 1 221 1 199 1 221 1 217 1 213 3 159 6 208 6 208 6 159 6 152 7 208 6 152 7 209 7 209 7 152 7 151 8 209 7 151 8 210 8 210 8 151 8 150 9 210 8 150 9 205 9 205 9 150 9 147 10 205 9 147 10 206 10 206 10 147 10 145 11 206 10 145 11 207 11 207 11 145 11 144 12 207 11 144 12 202 12 202 12 144 12 143 13 202 12 143 13 203 13 203 13 143 13 142 14 203 13 142 14 204 14 204 14 142 14 141 15 204 14 141 15 197 15 197 15 141 15 140 16 197 15 140 16 198 16 198 16 140 16 139 17 198 16 139 17 200 17 200 17 139 17 155 18 200 17 155 18 201 18 201 18 155 18 154 19 201 18 154 19 220 19 220 19 154 19 153 20 220 19 153 20 221 20 221 20 153 20 149 21 221 20 149 21 217 21 217 21 149 21 148 22 217 21 148 22 218 22 218 22 148 22 137 23 218 22 137 23 219 23 219 23 137 23 136 24 219 23 136 24 214 24 214 24 136 24 158 25 214 24 158 25 215 25 215 25 158 25 157 26 215 25 157 26 216 26 216 26 157 26 156 27 216 26 156 27 211 27 211 27 156 27 161 28 211 27 161 28 212 28 212 28 161 28 160 3 212 28 160 3 213 3 213 3 160 3 159 6 222 1 223 1 224 1 224 1 223 1 225 1 224 1 225 1 226 1 227 1 228 1 224 1 224 1 228 1 229 1 224 1 229 1 222 1 230 1 231 1 224 1 224 1 231 1 232 1 224 1 232 1 227 1 233 1 234 1 224 1 224 1 234 1 235 1 224 1 235 1 230 1 236 1 237 1 224 1 224 1 237 1 238 1 224 1 238 1 233 1 239 1 240 1 224 1 224 1 240 1 241 1 224 1 241 1 236 1 242 1 243 1 224 1 224 1 243 1 244 1 224 1 244 1 239 1 226 1 245 1 224 1 224 1 245 1 246 1 224 1 246 1 242 1 238 3 56 6 233 6 233 6 56 6 55 7 233 6 55 7 234 7 234 7 55 7 50 8 234 7 50 8 235 8 235 8 50 8 49 9 235 8 49 9 230 9 230 9 49 9 48 10 230 9 48 10 231 10 231 10 48 10 35 11 231 10 35 11 232 11 232 11 35 11 34 12 232 11 34 12 227 12 227 12 34 12 37 13 227 12 37 13 228 13 228 13 37 13 39 14 228 13 39 14 229 14 229 14 39 14 40 15 229 14 40 15 222 15 222 15 40 15 47 16 222 15 47 16 223 16 223 16 47 16 46 17 223 16 46 17 225 17 225 17 46 17 45 18 225 17 45 18 226 18 226 18 45 18 44 19 226 18 44 19 245 19 245 19 44 19 43 20 245 19 43 20 246 20 246 20 43 20 42 21 246 20 42 21 242 21 242 21 42 21 41 22 242 21 41 22 243 22 243 22 41 22 33 23 243 22 33 23 244 23 244 23 33 23 32 24 244 23 32 24 239 24 239 24 32 24 54 25 239 24 54 25 240 25 240 25 54 25 53 26 240 25 53 26 241 26 241 26 53 26 52 27 241 26 52 27 236 27 236 27 52 27 51 28 236 27 51 28 237 28 237 28 51 28 57 3 237 28 57 3 238 3 238 3 57 3 56 6 247 1 248 1 249 1 249 1 248 1 250 1 249 1 250 1 251 1 252 1 253 1 249 1 249 1 253 1 254 1 249 1 254 1 247 1 255 1 256 1 249 1 249 1 256 1 257 1 249 1 257 1 252 1 258 1 259 1 249 1 249 1 259 1 260 1 249 1 260 1 255 1 261 1 262 1 249 1 249 1 262 1 263 1 249 1 263 1 258 1 264 1 265 1 249 1 249 1 265 1 266 1 249 1 266 1 261 1 267 1 268 1 249 1 249 1 268 1 269 1 249 1 269 1 264 1 251 1 270 1 249 1 249 1 270 1 271 1 249 1 271 1 267 1 263 3 108 6 258 6 258 6 108 6 107 7 258 6 107 7 259 7 259 7 107 7 102 8 259 7 102 8 260 8 260 8 102 8 101 9 260 8 101 9 255 9 255 9 101 9 100 10 255 9 100 10 256 10 256 10 100 10 87 11 256 10 87 11 257 11 257 11 87 11 86 12 257 11 86 12 252 12 252 12 86 12 89 13 252 12 89 13 253 13 253 13 89 13 91 14 253 13 91 14 254 14 254 14 91 14 92 15 254 14 92 15 247 15 247 15 92 15 99 16 247 15 99 16 248 16 248 16 99 16 98 17 248 16 98 17 250 17 250 17 98 17 97 18 250 17 97 18 251 18 251 18 97 18 96 19 251 18 96 19 270 19 270 19 96 19 95 20 270 19 95 20 271 20 271 20 95 20 94 21 271 20 94 21 267 21 267 21 94 21 93 22 267 21 93 22 268 22 268 22 93 22 85 23 268 22 85 23 269 23 269 23 85 23 84 24 269 23 84 24 264 24 264 24 84 24 106 25 264 24 106 25 265 25 265 25 106 25 105 26 265 25 105 26 266 26 266 26 105 26 104 27 266 26 104 27 261 27 261 27 104 27 103 28 261 27 103 28 262 28 262 28 103 28 109 3 262 28 109 3 263 3 263 3 109 3 108 6 272 1 273 1 274 1 274 1 273 1 275 1 274 1 275 1 276 1 277 1 278 1 274 1 274 1 278 1 279 1 274 1 279 1 272 1 280 1 281 1 274 1 274 1 281 1 282 1 274 1 282 1 277 1 283 1 284 1 274 1 274 1 284 1 285 1 274 1 285 1 280 1 286 1 287 1 274 1 274 1 287 1 288 1 274 1 288 1 283 1 289 1 290 1 274 1 274 1 290 1 291 1 274 1 291 1 286 1 292 1 293 1 274 1 274 1 293 1 294 1 274 1 294 1 289 1 276 1 295 1 274 1 274 1 295 1 296 1 274 1 296 1 292 1 288 3 134 6 283 6 283 6 134 6 133 7 283 6 133 7 284 7 284 7 133 7 128 8 284 7 128 8 285 8 285 8 128 8 127 9 285 8 127 9 280 9 280 9 127 9 126 10 280 9 126 10 281 10 281 10 126 10 118 11 281 10 118 11 282 11 282 11 118 11 117 12 282 11 117 12 277 12 277 12 117 12 115 13 277 12 115 13 278 13 278 13 115 13 113 14 278 13 113 14 279 14 279 14 113 14 112 15 279 14 112 15 272 15 272 15 112 15 125 16 272 15 125 16 273 16 273 16 125 16 124 17 273 16 124 17 275 17 275 17 124 17 123 18 275 17 123 18 276 18 276 18 123 18 122 19 276 18 122 19 295 19 295 19 122 19 121 20 295 19 121 20 296 20 296 20 121 20 120 21 296 20 120 21 292 21 292 21 120 21 119 22 292 21 119 22 293 22 293 22 119 22 111 23 293 22 111 23 294 23 294 23 111 23 110 24 294 23 110 24 289 24 289 24 110 24 132 25 289 24 132 25 290 25 290 25 132 25 131 26 290 25 131 26 291 26 291 26 131 26 130 27 291 26 130 27 286 27 286 27 130 27 129 28 286 27 129 28 287 28 287 28 129 28 135 3 287 28 135 3 288 3 288 3 135 3 134 6 297 1 298 1 299 1 299 1 298 1 300 1 299 1 300 1 301 1 302 1 303 1 299 1 299 1 303 1 304 1 299 1 304 1 297 1 305 1 306 1 299 1 299 1 306 1 307 1 299 1 307 1 302 1 308 1 309 1 299 1 299 1 309 1 310 1 299 1 310 1 305 1 311 1 312 1 299 1 299 1 312 1 313 1 299 1 313 1 308 1 314 1 315 1 299 1 299 1 315 1 316 1 299 1 316 1 311 1 317 1 318 1 299 1 299 1 318 1 319 1 299 1 319 1 314 1 301 1 320 1 299 1 299 1 320 1 321 1 299 1 321 1 317 1 313 3 30 6 308 6 308 6 30 6 29 7 308 6 29 7 309 7 309 7 29 7 24 8 309 7 24 8 310 8 310 8 24 8 23 9 310 8 23 9 305 9 305 9 23 9 22 10 305 9 22 10 306 10 306 10 22 10 5 11 306 10 5 11 307 11 307 11 5 11 4 12 307 11 4 12 302 12 302 12 4 12 7 13 302 12 7 13 303 13 303 13 7 13 9 14 303 13 9 14 304 14 304 14 9 14 10 15 304 14 10 15 297 15 297 15 10 15 21 16 297 15 21 16 298 16 298 16 21 16 20 17 298 16 20 17 300 17 300 17 20 17 19 18 300 17 19 18 301 18 301 18 19 18 18 19 301 18 18 19 320 19 320 19 18 19 17 20 320 19 17 20 321 20 321 20 17 20 16 21 321 20 16 21 317 21 317 21 16 21 11 22 317 21 11 22 318 22 318 22 11 22 13 23 318 22 13 23 319 23 319 23 13 23 15 24 319 23 15 24 314 24 314 24 15 24 28 25 314 24 28 25 315 25 315 25 28 25 27 26 315 25 27 26 316 26 316 26 27 26 26 27 316 26 26 27 311 27 311 27 26 27 25 28 311 27 25 28 312 28 312 28 25 28 31 3 312 28 31 3 313 3 313 3 31 3 30 6</p>
        </triangles>
      </mesh>
    </geometry>
    <geometry id="geometry_242dd7ff_0544_46c9_9da7_031764514b94">
      <mesh>
        <source id="pos_23">
          <float_array id="pos_23-array" count="84">5.0250001 5 0 4.5250001 4.80000019 0 6.0250001 5 0 6.07499981 4.80000019 0 6.07499981 6.05000019 0 5.0250001 6 0 2.5250001 3.79999995 0 4.5250001 3.45000005 0 2.5250001 3.5 0 0 3.45000005 0 1.02499998 3.5 0 0 6.05000019 0 1.02499998 3.79999995 0 6.0250001 6 0 5.0250001 6 -0.40000001 0 6.05000019 -0.40000001 6.07499981 6.05000019 -0.40000001 4.5250001 4.80000019 -0.40000001 2.5250001 3.5 -0.40000001 2.5250001 3.79999995 -0.40000001 4.5250001 3.45000005 -0.40000001 0 3.45000005 -0.40000001 1.02499998 3.5 -0.40000001 1.02499998 3.79999995 -0.40000001 5.0250001 5 -0.40000001 6.07499981 4.80000019 -0.40000001 6.0250001 5 -0.40000001 6.0250001 6 -0.40000001</float_array>
          <technique_common>
            <accessor source="#pos_23-array" count="84" stride="3">
              <param name="X" type="float"/>
              <param name="Y" type="float"/>
              <param name="Z" type="float"/>
            </accessor>
          </technique_common>
        </source>
        <source id="norm_23">
          <float_array id="norm_23-array" count="18">0 0 1 0 0 -1 0 -1 0 1 0 0 0 1 0 -1 0 0</float_array>
          <technique_common>
            <accessor source="#norm_23-array" count="18" stride="3">
              <param name="X" type="float"/>
              <param name="Y" type="float"/>
              <param name="Z" type="float"/>
            </accessor>
          </technique_common>
        </source>
        <vertices id="vert_23">
          <input semantic="POSITION" source="#pos_23"/>
        </vertices>
        <triangles count="60" material="mat_15">
          <input semantic="VERTEX" source="#vert_23" offset="0"/>
          <input semantic="NORMAL" source="#norm_23" offset="1"/>
          <p>0 0 1 0 2 0 2 0 1 0 3 0 2 0 3 0 4 0 0 0 5 0 1 0 1 0 5 0 6 0 1 0 6 0 7 0 7 0 6 0 8 0 7 0 8 0 9 0 9 0 8 0 10 0 9 0 10 0 11 0 11 0 10 0 12 0 12 0 6 0 11 0 11 0 6 0 5 0 11 0 5 0 4 0 4 0 5 0 13 0 4 0 13 0 2 0 14 1 15 1 16 1 17 1 18 1 19 1 17 1 20 1 18 1 18 1 20 1 21 1 18 1 21 1 22 1 22 1 21 1 23 1 23 1 21 1 15 1 23 1 15 1 19 1 19 1 15 1 14 1 19 1 14 1 17 1 17 1 14 1 24 1 17 1 24 1 25 1 25 1 24 1 26 1 25 1 26 1 16 1 16 1 26 1 27 1 16 1 27 1 14 1 21 2 20 2 9 2 9 2 20 2 7 2 20 3 17 3 7 3 7 3 17 3 1 3 17 2 25 2 1 2 1 2 25 2 3 2 26 4 24 4 2 4 2 4 24 4 0 4 24 3 14 3 0 3 0 3 14 3 5 3 15 5 21 5 11 5 11 5 21 5 9 5 23 2 19 2 12 2 12 2 19 2 6 2 19 5 18 5 6 5 6 5 18 5 8 5 18 4 22 4 8 4 8 4 22 4 10 4 22 3 23 3 10 3 10 3 23 3 12 3 13 5 27 5 2 5 2 5 27 5 26 5 11 4 4 4 15 4 15 4 4 4 16 4 4 3 3 3 16 3 16 3 3 3 25 3 27 2 13 2 14 2 14 2 13 2 5 2</p>
        </triangles>
      </mesh>
    </geometry>
    <geometry id="geometry_3b4db88f_8604_45a9_b98d_c6ce75c05172">
      <mesh>
        <source id="pos_24">
          <float_array id="pos_24-array" count="366">0.16 3.94000006 0.40000001 -0.16 3.94000006 0.40000001 0.16 3.95000005 0.40000001 -0.16 3.95000005 0.40000001 0.16 4.48000002 0.40000001 -0.16 4.48000002 0.40000001 0.16 5.01999998 0.40000001 -0.16 5.01999998 0.40000001 0.16 5.55999994 0.40000001 -0.16 5.55999994 0.40000001 -0.16 5.55999994 2.42000008 0.16 5.55999994 2.42000008 -0.16 5.55999994 1.88 0.16 5.55999994 1.88 -0.16 5.55999994 1.34000003 0.16 5.55999994 1.34000003 -0.16 5.55999994 0.61000001 0.16 5.55999994 0.61000001 -0.16 3.94000006 2.42000008 -0.16 3.95000005 2.42000008 -0.16 3.95000005 1.88 -0.16 5.53999996 1.89999998 -0.16 5.03999996 1.89999998 -0.16 5.01999998 1.88 -0.16 5.03999996 2.4000001 -0.16 5.01999998 2.42000008 -0.16 5.53999996 2.4000001 -0.16 5.53999996 1.36000001 -0.16 5.03999996 1.36000001 -0.16 5.01999998 1.34000003 -0.16 5.03999996 1.86000001 -0.16 5.53999996 1.86000001 -0.16 5.03999996 1.32000005 -0.16 5.03999996 0.81999999 -0.16 5.53999996 1.32000005 -0.16 5.53999996 0.81999999 -0.16 5.01999998 0.61000001 -0.16 5 1.89999998 -0.16 4.5 1.89999998 -0.16 4.48000002 1.88 -0.16 4.5 2.4000001 -0.16 4.48000002 2.42000008 -0.16 5 2.4000001 -0.16 5 1.36000001 -0.16 4.5 1.36000001 -0.16 4.48000002 1.34000003 -0.16 4.5 1.86000001 -0.16 5 1.86000001 -0.16 4.5 1.32000005 -0.16 4.5 0.81999999 -0.16 4.46000004 1.89999998 -0.16 3.96000004 1.89999998 -0.16 3.96000004 2.4000001 -0.16 4.46000004 2.4000001 -0.16 4.46000004 1.36000001 -0.16 3.96000004 1.36000001 -0.16 3.95000005 1.34000003 -0.16 3.96000004 1.86000001 -0.16 4.46000004 1.86000001 -0.16 4.46000004 1.32000005 -0.16 3.96000004 1.32000005 -0.16 3.96000004 0.81999999 -0.16 4.46000004 0.81999999 -0.16 4.48000002 0.61000001 -0.16 3.95000005 0.61000001 -0.16 5 1.32000005 -0.16 5 0.81999999 -0.16 3.94000006 1.88 -0.16 3.94000006 1.34000003 -0.16 3.94000006 0.61000001 0.16 3.94000006 2.42000008 0.16 3.94000006 1.88 0.16 3.94000006 1.34000003 0.16 3.94000006 0.61000001 0.16 5.53999996 2.4000001 0.16 5.03999996 2.4000001 0.16 5.01999998 2.42000008 0.16 5.03999996 1.89999998 0.16 5.01999998 1.88 0.16 5.53999996 1.89999998 0.16 5 2.4000001 0.16 4.5 2.4000001 0.16 4.48000002 2.42000008 0.16 4.5 1.89999998 0.16 4.48000002 1.88 0.16 5 1.89999998 0.16 4.46000004 2.4000001 0.16 3.96000004 2.4000001 0.16 3.95000005 2.42000008 0.16 3.96000004 1.89999998 0.16 3.95000005 1.88 0.16 4.46000004 1.89999998 0.16 5.53999996 1.86000001 0.16 5.03999996 1.86000001 0.16 5.03999996 1.36000001 0.16 5.01999998 1.34000003 0.16 5.53999996 1.36000001 0.16 5 1.86000001 0.16 4.5 1.86000001 0.16 4.5 1.36000001 0.16 4.48000002 1.34000003 0.16 5 1.36000001 0.16 4.46000004 1.86000001 0.16 3.96000004 1.86000001 0.16 3.96000004 1.36000001 0.16 3.95000005 1.34000003 0.16 4.46000004 1.36000001 0.16 5.53999996 0.81999999 0.16 5.03999996 0.81999999 0.16 5.01999998 0.61000001 0.16 5.03999996 1.32000005 0.16 5 0.81999999 0.16 4.5 0.81999999 0.16 4.48000002 0.61000001 0.16 4.5 1.32000005 0.16 4.46000004 0.81999999 0.16 3.96000004 0.81999999 0.16 3.95000005 0.61000001 0.16 3.96000004 1.32000005 0.16 5.53999996 1.32000005 0.16 5 1.32000005 0.16 4.46000004 1.32000005</float_array>
          <technique_common>
            <accessor source="#pos_24-array" count="366" stride="3">
              <param name="X" type="float"/>
              <param name="Y" type="float"/>
              <param name="Z" type="float"/>
            </accessor>
          </technique_common>
        </source>
        <source id="norm_24">
          <float_array id="norm_24-array" count="18">0 0 -1 0 1 0 -1 0 0 0 -1 0 1 0 0 0 0 1</float_array>
          <technique_common>
            <accessor source="#norm_24-array" count="18" stride="3">
              <param name="X" type="float"/>
              <param name="Y" type="float"/>
              <param name="Z" type="float"/>
            </accessor>
          </technique_common>
        </source>
        <vertices id="vert_24">
          <input semantic="POSITION" source="#pos_24"/>
        </vertices>
        <triangles count="276" material="mat_9">
          <input semantic="VERTEX" source="#vert_24" offset="0"/>
          <input semantic="NORMAL" source="#norm_24" offset="1"/>
          <p>0 0 1 0 2 0 2 0 1 0 3 0 2 0 3 0 4 0 4 0 3 0 5 0 4 0 5 0 6 0 6 0 5 0 7 0 6 0 7 0 8 0 8 0 7 0 9 0 10 1 11 1 12 1 12 1 11 1 13 1 12 1 13 1 14 1 14 1 13 1 15 1 14 1 15 1 16 1 16 1 15 1 17 1 16 1 17 1 9 1 9 1 17 1 8 1 18 2 19 2 20 2 21 2 12 2 22 2 22 2 12 2 23 2 22 2 23 2 24 2 24 2 23 2 25 2 24 2 25 2 26 2 26 2 25 2 10 2 26 2 10 2 21 2 21 2 10 2 12 2 27 2 14 2 28 2 28 2 14 2 29 2 28 2 29 2 30 2 30 2 29 2 23 2 30 2 23 2 31 2 31 2 23 2 12 2 31 2 12 2 27 2 27 2 12 2 14 2 29 2 32 2 33 2 32 2 29 2 34 2 34 2 29 2 14 2 34 2 14 2 35 2 35 2 14 2 16 2 35 2 16 2 33 2 33 2 16 2 36 2 33 2 36 2 29 2 37 2 23 2 38 2 38 2 23 2 39 2 38 2 39 2 40 2 40 2 39 2 41 2 40 2 41 2 42 2 42 2 41 2 25 2 42 2 25 2 37 2 37 2 25 2 23 2 43 2 29 2 44 2 44 2 29 2 45 2 44 2 45 2 46 2 46 2 45 2 39 2 46 2 39 2 47 2 47 2 39 2 23 2 47 2 23 2 43 2 43 2 23 2 29 2 45 2 48 2 49 2 50 2 39 2 51 2 51 2 39 2 20 2 51 2 20 2 52 2 52 2 20 2 19 2 52 2 19 2 53 2 53 2 19 2 41 2 53 2 41 2 50 2 50 2 41 2 39 2 54 2 45 2 55 2 55 2 45 2 56 2 55 2 56 2 57 2 57 2 56 2 20 2 57 2 20 2 58 2 58 2 20 2 39 2 58 2 39 2 54 2 54 2 39 2 45 2 45 2 59 2 56 2 56 2 59 2 60 2 56 2 60 2 61 2 62 2 63 2 61 2 61 2 63 2 64 2 61 2 64 2 56 2 48 2 45 2 65 2 65 2 45 2 29 2 65 2 29 2 66 2 66 2 29 2 36 2 66 2 36 2 49 2 49 2 36 2 63 2 49 2 63 2 45 2 45 2 63 2 62 2 45 2 62 2 59 2 18 2 20 2 67 2 67 2 20 2 56 2 67 2 56 2 68 2 68 2 56 2 64 2 68 2 64 2 69 2 16 2 9 2 36 2 36 2 9 2 7 2 36 2 7 2 63 2 63 2 7 2 5 2 63 2 5 2 64 2 64 2 5 2 3 2 64 2 3 2 69 2 69 2 3 2 1 2 70 3 18 3 71 3 71 3 18 3 67 3 71 3 67 3 72 3 72 3 67 3 68 3 72 3 68 3 73 3 73 3 68 3 69 3 73 3 69 3 0 3 0 3 69 3 1 3 74 4 11 4 75 4 75 4 11 4 76 4 75 4 76 4 77 4 77 4 76 4 78 4 77 4 78 4 79 4 79 4 78 4 13 4 79 4 13 4 74 4 74 4 13 4 11 4 80 4 76 4 81 4 81 4 76 4 82 4 81 4 82 4 83 4 83 4 82 4 84 4 83 4 84 4 85 4 85 4 84 4 78 4 85 4 78 4 80 4 80 4 78 4 76 4 86 4 82 4 87 4 87 4 82 4 88 4 87 4 88 4 89 4 89 4 88 4 90 4 89 4 90 4 91 4 91 4 90 4 84 4 91 4 84 4 86 4 86 4 84 4 82 4 92 4 13 4 93 4 93 4 13 4 78 4 93 4 78 4 94 4 94 4 78 4 95 4 94 4 95 4 96 4 96 4 95 4 15 4 96 4 15 4 92 4 92 4 15 4 13 4 97 4 78 4 98 4 98 4 78 4 84 4 98 4 84 4 99 4 99 4 84 4 100 4 99 4 100 4 101 4 101 4 100 4 95 4 101 4 95 4 97 4 97 4 95 4 78 4 102 4 84 4 103 4 103 4 84 4 90 4 103 4 90 4 104 4 104 4 90 4 105 4 104 4 105 4 106 4 106 4 105 4 100 4 106 4 100 4 102 4 102 4 100 4 84 4 107 4 108 4 109 4 109 4 108 4 95 4 95 4 108 4 110 4 95 4 110 4 15 4 111 4 112 4 113 4 113 4 112 4 100 4 100 4 112 4 114 4 100 4 114 4 95 4 115 4 116 4 117 4 117 4 116 4 105 4 105 4 116 4 118 4 105 4 118 4 100 4 110 4 119 4 15 4 15 4 119 4 107 4 15 4 107 4 17 4 17 4 107 4 109 4 17 4 109 4 8 4 8 4 109 4 6 4 114 4 120 4 95 4 95 4 120 4 111 4 95 4 111 4 109 4 109 4 111 4 113 4 109 4 113 4 6 4 6 4 113 4 4 4 118 4 121 4 100 4 100 4 121 4 115 4 100 4 115 4 113 4 113 4 115 4 117 4 113 4 117 4 4 4 4 4 117 4 2 4 88 4 70 4 90 4 90 4 70 4 71 4 90 4 71 4 105 4 105 4 71 4 72 4 105 4 72 4 117 4 117 4 72 4 73 4 117 4 73 4 2 4 2 4 73 4 0 4 11 5 10 5 76 5 76 5 10 5 25 5 76 5 25 5 82 5 82 5 25 5 41 5 82 5 41 5 88 5 88 5 41 5 19 5 88 5 19 5 70 5 70 5 19 5 18 5 43 5 44 5 101 5 101 5 44 5 99 5 47 3 43 3 97 3 97 3 43 3 101 3 46 0 47 0 98 0 98 0 47 0 97 0 44 1 46 1 99 1 99 1 46 1 98 1 62 5 61 5 115 5 115 5 61 5 116 5 59 3 62 3 121 3 121 3 62 3 115 3 60 0 59 0 118 0 118 0 59 0 121 0 61 1 60 1 116 1 116 1 60 1 118 1 21 5 22 5 79 5 79 5 22 5 77 5 26 3 21 3 74 3 74 3 21 3 79 3 24 0 26 0 75 0 75 0 26 0 74 0 22 1 24 1 77 1 77 1 24 1 75 1 54 5 55 5 106 5 106 5 55 5 104 5 58 3 54 3 102 3 102 3 54 3 106 3 57 0 58 0 103 0 103 0 58 0 102 0 55 1 57 1 104 1 104 1 57 1 103 1 37 5 38 5 85 5 85 5 38 5 83 5 42 3 37 3 80 3 80 3 37 3 85 3 40 0 42 0 81 0 81 0 42 0 80 0 38 1 40 1 83 1 83 1 40 1 81 1 66 5 49 5 111 5 111 5 49 5 112 5 65 3 66 3 120 3 120 3 66 3 111 3 48 0 65 0 114 0 114 0 65 0 120 0 49 1 48 1 112 1 112 1 48 1 114 1 35 5 33 5 107 5 107 5 33 5 108 5 34 3 35 3 119 3 119 3 35 3 107 3 32 0 34 0 110 0 110 0 34 0 119 0 33 1 32 1 108 1 108 1 32 1 110 1 27 5 28 5 96 5 96 5 28 5 94 5 31 3 27 3 92 3 92 3 27 3 96 3 30 0 31 0 93 0 93 0 31 0 92 0 28 1 30 1 94 1 94 1 30 1 93 1 52 0 53 0 87 0 87 0 53 0 86 0 51 1 52 1 89 1 89 1 52 1 87 1 50 5 51 5 91 5 91 5 51 5 89 5 53 3 50 3 86 3 86 3 50 3 91 3</p>
        </triangles>
      </mesh>
    </geometry>
    <geometry id="geometry_c4ef1f19_d45b_4ff1_838d_356bea9ad14f">
      <mesh>
        <source id="pos_25">
          <float_array id="pos_25-array" count="48">-6.0250001 -5 0 -5.0250001 -5 0 -6.0250001 -6 0 -5.0250001 -6 0 -5.0250001 -5 0.001 -6.0250001 -5 0.001 -5.0250001 -6 0.001 -6.0250001 -6 0.001 -1.00433564 -6 0 -1.80433571 -6 0 -1.00433564 -5.19999981 0 -1.80433571 -5.19999981 0 -1.80433571 -6 0.001 -1.00433564 -6 0.001 -1.80433571 -5.19999981 0.001 -1.00433564 -5.19999981 0.001</float_array>
          <technique_common>
            <accessor source="#pos_25-array" count="48" stride="3">
              <param name="X" type="float"/>
              <param name="Y" type="float"/>
              <param name="Z" type="float"/>
            </accessor>
          </technique_common>
        </source>
        <source id="norm_25">
          <float_array id="norm_25-array" count="18">0 0 -1 0 0 1 0 -1 0 1 0 0 0 1 0 -1 0 0</float_array>
          <technique_common>
            <accessor source="#norm_25-array" count="18" stride="3">
              <param name="X" type="float"/>
              <param name="Y" type="float"/>
              <param name="Z" type="float"/>
            </accessor>
          </technique_common>
        </source>
        <vertices id="vert_25">
          <input semantic="POSITION" source="#pos_25"/>
        </vertices>
        <triangles count="24" material="mat_14">
          <input semantic="VERTEX" source="#vert_25" offset="0"/>
          <input semantic="NORMAL" source="#norm_25" offset="1"/>
          <p>0 0 1 0 2 0 2 0 1 0 3 0 4 1 5 1 6 1 6 1 5 1 7 1 6 2 7 2 3 2 3 2 7 2 2 2 4 3 6 3 1 3 1 3 6 3 3 3 5 4 4 4 0 4 0 4 4 4 1 4 7 5 5 5 2 5 2 5 5 5 0 5 8 0 9 0 10 0 10 0 9 0 11 0 12 1 13 1 14 1 14 1 13 1 15 1 14 4 15 4 11 4 11 4 15 4 10 4 12 5 14 5 9 5 9 5 14 5 11 5 13 2 12 2 8 2 8 2 12 2 9 2 15 3 13 3 10 3 10 3 13 3 8 3</p>
        </triangles>
      </mesh>
    </geometry>
    <geometry id="geometry_daac3b5b_2bf3_4c0b_973f_b60d2748d68a">
      <mesh>
        <source id="pos_26">
          <float_array id="pos_26-array" count="144">3.69393563 -5.71999979 1.07599998 3.69429016 -5.72269154 0.076 3.69429016 -5.72269154 1.07599998 3.69532895 -5.72520018 0.076 3.69532895 -5.72520018 1.07599998 3.69698191 -5.72735405 0.076 3.69698191 -5.72735405 1.07599998 3.69913578 -5.72900677 0.076 3.69913578 -5.72900677 1.07599998 3.70164394 -5.7300458 0.076 3.70164394 -5.7300458 1.07599998 3.70433569 -5.73040009 0.076 3.70433569 -5.73040009 1.07599998 3.70702744 -5.7300458 0.076 3.70702744 -5.7300458 1.07599998 3.7095356 -5.72900677 0.076 3.7095356 -5.72900677 1.07599998 3.71168971 -5.72735405 0.076 3.71168971 -5.72735405 1.07599998 3.71334243 -5.72520018 0.076 3.71334243 -5.72520018 1.07599998 3.71438122 -5.72269154 0.076 3.71438122 -5.72269154 1.07599998 3.71473575 -5.71999979 0.076 3.71473575 -5.71999979 1.07599998 3.71438122 -5.71730804 0.076 3.71438122 -5.71730804 1.07599998 3.71334243 -5.71479988 0.076 3.71334243 -5.71479988 1.07599998 3.71168971 -5.71264601 0.076 3.71168971 -5.71264601 1.07599998 3.7095356 -5.71099329 0.076 3.7095356 -5.71099329 1.07599998 3.70702744 -5.70995426 0.076 3.70702744 -5.70995426 1.07599998 3.70433569 -5.70959997 0.076 3.70433569 -5.70959997 1.07599998 3.70164394 -5.70995426 0.076 3.70164394 -5.70995426 1.07599998 3.69913578 -5.71099329 0.076 3.69913578 -5.71099329 1.07599998 3.69698191 -5.71264601 0.076 3.69698191 -5.71264601 1.07599998 3.69532895 -5.71479988 0.076 3.69532895 -5.71479988 1.07599998 3.69429016 -5.71730804 0.076 3.69429016 -5.71730804 1.07599998 3.69393563 -5.71999979 0.076</float_array>
          <technique_common>
            <accessor source="#pos_26-array" count="144" stride="3">
              <param name="X" type="float"/>
              <param name="Y" type="float"/>
              <param name="Z" type="float"/>
            </accessor>
          </technique_common>
        </source>
        <source id="norm_26">
          <float_array id="norm_26-array" count="72">-1 0 0 -0.96593 -0.25882 0 -0.86603 -0.5 0 -0.70711 -0.70711 0 -0.5 -0.86603 0 -0.25882 -0.96593 0 -0 -1 0 0.25882 -0.96593 0 0.5 -0.86603 0 0.70711 -0.70711 0 0.86603 -0.5 0 0.96593 -0.25882 0 1 -0 0 0.96593 0.25882 0 0.86603 0.5 0 0.70711 0.70711 0 0.5 0.86603 0 0.25882 0.96593 0 0 1 0 -0.25882 0.96593 0 -0.5 0.86603 0 -0.70711 0.70711 0 -0.86603 0.5 0 -0.96593 0.25882 0</float_array>
          <technique_common>
            <accessor source="#norm_26-array" count="72" stride="3">
              <param name="X" type="float"/>
              <param name="Y" type="float"/>
              <param name="Z" type="float"/>
            </accessor>
          </technique_common>
        </source>
        <vertices id="vert_26">
          <input semantic="POSITION" source="#pos_26"/>
        </vertices>
        <triangles count="48" material="mat_16">
          <input semantic="VERTEX" source="#vert_26" offset="0"/>
          <input semantic="NORMAL" source="#norm_26" offset="1"/>
          <p>0 0 1 1 2 1 2 1 1 1 3 2 2 1 3 2 4 2 4 2 3 2 5 3 4 2 5 3 6 3 6 3 5 3 7 4 6 3 7 4 8 4 8 4 7 4 9 5 8 4 9 5 10 5 10 5 9 5 11 6 10 5 11 6 12 6 12 6 11 6 13 7 12 6 13 7 14 7 14 7 13 7 15 8 14 7 15 8 16 8 16 8 15 8 17 9 16 8 17 9 18 9 18 9 17 9 19 10 18 9 19 10 20 10 20 10 19 10 21 11 20 10 21 11 22 11 22 11 21 11 23 12 22 11 23 12 24 12 24 12 23 12 25 13 24 12 25 13 26 13 26 13 25 13 27 14 26 13 27 14 28 14 28 14 27 14 29 15 28 14 29 15 30 15 30 15 29 15 31 16 30 15 31 16 32 16 32 16 31 16 33 17 32 16 33 17 34 17 34 17 33 17 35 18 34 17 35 18 36 18 36 18 35 18 37 19 36 18 37 19 38 19 38 19 37 19 39 20 38 19 39 20 40 20 40 20 39 20 41 21 40 20 41 21 42 21 42 21 41 21 43 22 42 21 43 22 44 22 44 22 43 22 45 23 44 22 45 23 46 23 46 23 45 23 47 0 46 23 47 0 0 0 0 0 47 0 1 1</p>
        </triangles>
      </mesh>
    </geometry>
    <geometry id="geometry_43b03ca9_5831_4c66_8b42_cb2539d5fd31">
      <mesh>
        <source id="pos_27">
          <float_array id="pos_27-array" count="288">3.70853567 -5.71272516 0.076 3.7095356 -5.71099329 0.076 3.71027541 -5.71406031 0.076 3.71168971 -5.71264601 0.076 3.71161032 -5.71579981 0.076 3.71334243 -5.71479988 0.076 3.71244955 -5.71782589 0.076 3.71438122 -5.71730804 0.076 3.71273565 -5.71999979 0.076 3.71473575 -5.71999979 0.076 3.71244955 -5.72217417 0.076 3.71438122 -5.72269154 0.076 3.71161032 -5.72419977 0.076 3.71334243 -5.72520018 0.076 3.71027541 -5.72593975 0.076 3.71168971 -5.72735405 0.076 3.70853567 -5.72727442 0.076 3.7095356 -5.72900677 0.076 3.70650983 -5.72811365 0.076 3.70702744 -5.7300458 0.076 3.70433569 -5.72840023 0.076 3.70433569 -5.73040009 0.076 3.70216155 -5.72811365 0.076 3.70164394 -5.7300458 0.076 3.70013571 -5.72727442 0.076 3.69913578 -5.72900677 0.076 3.69839597 -5.72593975 0.076 3.69698191 -5.72735405 0.076 3.69706106 -5.72419977 0.076 3.69532895 -5.72520018 0.076 3.69622183 -5.72217417 0.076 3.69429016 -5.72269154 0.076 3.69593573 -5.71999979 0.076 3.69393563 -5.71999979 0.076 3.69622183 -5.71782589 0.076 3.69429016 -5.71730804 0.076 3.69706106 -5.71579981 0.076 3.69532895 -5.71479988 0.076 3.69839597 -5.71406031 0.076 3.69698191 -5.71264601 0.076 3.70013571 -5.71272516 0.076 3.69913578 -5.71099329 0.076 3.70216155 -5.71188641 0.076 3.70164394 -5.70995426 0.076 3.70433569 -5.71159983 0.076 3.70433569 -5.70959997 0.076 3.70650983 -5.71188641 0.076 3.70702744 -5.70995426 0.076 3.70853567 -5.71272516 1.07599998 3.7095356 -5.71099329 1.07599998 3.70650983 -5.71188641 1.07599998 3.70702744 -5.70995426 1.07599998 3.70433569 -5.71159983 1.07599998 3.70433569 -5.70959997 1.07599998 3.70216155 -5.71188641 1.07599998 3.70164394 -5.70995426 1.07599998 3.70013571 -5.71272516 1.07599998 3.69913578 -5.71099329 1.07599998 3.69839597 -5.71406031 1.07599998 3.69698191 -5.71264601 1.07599998 3.69706106 -5.71579981 1.07599998 3.69532895 -5.71479988 1.07599998 3.69622183 -5.71782589 1.07599998 3.69429016 -5.71730804 1.07599998 3.69593573 -5.71999979 1.07599998 3.69393563 -5.71999979 1.07599998 3.69622183 -5.72217417 1.07599998 3.69429016 -5.72269154 1.07599998 3.69706106 -5.72419977 1.07599998 3.69532895 -5.72520018 1.07599998 3.69839597 -5.72593975 1.07599998 3.69698191 -5.72735405 1.07599998 3.70013571 -5.72727442 1.07599998 3.69913578 -5.72900677 1.07599998 3.70216155 -5.72811365 1.07599998 3.70164394 -5.7300458 1.07599998 3.70433569 -5.72840023 1.07599998 3.70433569 -5.73040009 1.07599998 3.70650983 -5.72811365 1.07599998 3.70702744 -5.7300458 1.07599998 3.70853567 -5.72727442 1.07599998 3.7095356 -5.72900677 1.07599998 3.71027541 -5.72593975 1.07599998 3.71168971 -5.72735405 1.07599998 3.71161032 -5.72419977 1.07599998 3.71334243 -5.72520018 1.07599998 3.71244955 -5.72217417 1.07599998 3.71438122 -5.72269154 1.07599998 3.71273565 -5.71999979 1.07599998 3.71473575 -5.71999979 1.07599998 3.71244955 -5.71782589 1.07599998 3.71438122 -5.71730804 1.07599998 3.71161032 -5.71579981 1.07599998 3.71334243 -5.71479988 1.07599998 3.71027541 -5.71406031 1.07599998 3.71168971 -5.71264601 1.07599998</float_array>
          <technique_common>
            <accessor source="#pos_27-array" count="288" stride="3">
              <param name="X" type="float"/>
              <param name="Y" type="float"/>
              <param name="Z" type="float"/>
            </accessor>
          </technique_common>
        </source>
        <source id="norm_27">
          <float_array id="norm_27-array" count="78">0 0 -1 0 0 1 1 -0 0 0.96593 0.25882 0 0.86603 0.5 0 0.70711 0.70711 0 0.5 0.86603 0 0.25882 0.96593 0 0 1 0 -0.25882 0.96593 0 -0.5 0.86603 0 -0.70711 0.70711 0 -0.86603 0.5 0 -0.96593 0.25882 0 -1 0 0 -0.96593 -0.25882 0 -0.86603 -0.5 0 -0.70711 -0.70711 0 -0.5 -0.86603 0 -0.25882 -0.96593 0 -0 -1 0 0.25882 -0.96593 0 0.5 -0.86603 0 0.70711 -0.70711 0 0.86603 -0.5 0 0.96593 -0.25882 0</float_array>
          <technique_common>
            <accessor source="#norm_27-array" count="78" stride="3">
              <param name="X" type="float"/>
              <param name="Y" type="float"/>
              <param name="Z" type="float"/>
            </accessor>
          </technique_common>
        </source>
        <vertices id="vert_27">
          <input semantic="POSITION" source="#pos_27"/>
        </vertices>
        <triangles count="144" material="mat_3">
          <input semantic="VERTEX" source="#vert_27" offset="0"/>
          <input semantic="NORMAL" source="#norm_27" offset="1"/>
          <p>0 0 1 0 2 0 2 0 1 0 3 0 2 0 3 0 4 0 4 0 3 0 5 0 4 0 5 0 6 0 6 0 5 0 7 0 6 0 7 0 8 0 8 0 7 0 9 0 8 0 9 0 10 0 10 0 9 0 11 0 10 0 11 0 12 0 12 0 11 0 13 0 12 0 13 0 14 0 14 0 13 0 15 0 14 0 15 0 16 0 16 0 15 0 17 0 16 0 17 0 18 0 18 0 17 0 19 0 18 0 19 0 20 0 20 0 19 0 21 0 20 0 21 0 22 0 22 0 21 0 23 0 22 0 23 0 24 0 24 0 23 0 25 0 24 0 25 0 26 0 26 0 25 0 27 0 26 0 27 0 28 0 28 0 27 0 29 0 28 0 29 0 30 0 30 0 29 0 31 0 30 0 31 0 32 0 32 0 31 0 33 0 32 0 33 0 34 0 34 0 33 0 35 0 34 0 35 0 36 0 36 0 35 0 37 0 36 0 37 0 38 0 38 0 37 0 39 0 38 0 39 0 40 0 40 0 39 0 41 0 40 0 41 0 42 0 42 0 41 0 43 0 42 0 43 0 44 0 44 0 43 0 45 0 44 0 45 0 46 0 46 0 45 0 47 0 46 0 47 0 0 0 0 0 47 0 1 0 48 1 49 1 50 1 50 1 49 1 51 1 50 1 51 1 52 1 52 1 51 1 53 1 52 1 53 1 54 1 54 1 53 1 55 1 54 1 55 1 56 1 56 1 55 1 57 1 56 1 57 1 58 1 58 1 57 1 59 1 58 1 59 1 60 1 60 1 59 1 61 1 60 1 61 1 62 1 62 1 61 1 63 1 62 1 63 1 64 1 64 1 63 1 65 1 64 1 65 1 66 1 66 1 65 1 67 1 66 1 67 1 68 1 68 1 67 1 69 1 68 1 69 1 70 1 70 1 69 1 71 1 70 1 71 1 72 1 72 1 71 1 73 1 72 1 73 1 74 1 74 1 73 1 75 1 74 1 75 1 76 1 76 1 75 1 77 1 76 1 77 1 78 1 78 1 77 1 79 1 78 1 79 1 80 1 80 1 79 1 81 1 80 1 81 1 82 1 82 1 81 1 83 1 82 1 83 1 84 1 84 1 83 1 85 1 84 1 85 1 86 1 86 1 85 1 87 1 86 1 87 1 88 1 88 1 87 1 89 1 88 1 89 1 90 1 90 1 89 1 91 1 90 1 91 1 92 1 92 1 91 1 93 1 92 1 93 1 94 1 94 1 93 1 95 1 94 1 95 1 48 1 48 1 95 1 49 1 32 2 64 2 30 3 30 3 64 2 66 3 30 3 66 3 28 4 28 4 66 3 68 4 28 4 68 4 26 5 26 5 68 4 70 5 26 5 70 5 24 6 24 6 70 5 72 6 24 6 72 6 22 7 22 7 72 6 74 7 22 7 74 7 20 8 20 8 74 7 76 8 20 8 76 8 18 9 18 9 76 8 78 9 18 9 78 9 16 10 16 10 78 9 80 10 16 10 80 10 14 11 14 11 80 10 82 11 14 11 82 11 12 12 12 12 82 11 84 12 12 12 84 12 10 13 10 13 84 12 86 13 10 13 86 13 8 14 8 14 86 13 88 14 8 14 88 14 6 15 6 15 88 14 90 15 6 15 90 15 4 16 4 16 90 15 92 16 4 16 92 16 2 17 2 17 92 16 94 17 2 17 94 17 0 18 0 18 94 17 48 18 0 18 48 18 46 19 46 19 48 18 50 19 46 19 50 19 44 20 44 20 50 19 52 20 44 20 52 20 42 21 42 21 52 20 54 21 42 21 54 21 40 22 40 22 54 21 56 22 40 22 56 22 38 23 38 23 56 22 58 23 38 23 58 23 36 24 36 24 58 23 60 24 36 24 60 24 34 25 34 25 60 24 62 25 34 25 62 25 32 2 32 2 62 25 64 2</p>
        </triangles>
      </mesh>
    </geometry>
    <geometry id="geometry_90f3d599_0ab6_4880_9efb_13ea8b579085">
      <mesh>
        <source id="pos_28">
          <float_array id="pos_28-array" count="144">3.76433563 -5.69999981 -0.001 3.76433563 -6 -0.001 3.80433559 -5.69999981 -0.001 3.80433559 -6 -0.001 3.80433559 -6 -0.041 3.76433563 -6 -0.041 3.80433559 -5.84000015 -0.041 3.76433563 -5.84000015 -0.041 3.80433559 -5.80000019 -0.041 3.80433559 -5.69999981 -0.041 3.80433559 -5.84000015 -0.461 3.80433559 -5.83500004 -0.461 3.80433559 -5.83500004 -0.49599999 3.80433559 -5.80000019 -0.49599999 3.76433563 -5.69999981 -0.041 3.76433563 -5.80000019 -0.041 3.76433563 -5.80000019 -0.49599999 3.76433563 -5.83500004 -0.461 3.76433563 -5.83500004 -0.49599999 3.76433563 -5.84000015 -0.461 3.0443356 -5.69999981 -0.001 3.00433564 -5.69999981 -0.001 3.0443356 -6 -0.001 3.00433564 -6 -0.001 3.00433564 -6 -0.041 3.0443356 -6 -0.041 3.0443356 -5.69999981 -0.041 3.00433564 -5.69999981 -0.041 3.00433564 -5.84000015 -0.041 3.00433564 -5.80000019 -0.041 3.00433564 -5.80000019 -0.49599999 3.00433564 -5.83500004 -0.461 3.00433564 -5.83500004 -0.49599999 3.00433564 -5.84000015 -0.461 3.0443356 -5.84000015 -0.041 3.0443356 -5.80000019 -0.041 3.0443356 -5.84000015 -0.461 3.0443356 -5.80000019 -0.49599999 3.0443356 -5.83500004 -0.49599999 3.0443356 -5.83500004 -0.461 3.80433559 -5.73999977 -0.041 3.00433564 -5.73999977 -0.041 3.80433559 -5.78000021 -0.041 3.00433564 -5.78000021 -0.041 3.00433564 -5.73999977 -0.081 3.80433559 -5.73999977 -0.081 3.00433564 -5.78000021 -0.081 3.80433559 -5.78000021 -0.081</float_array>
          <technique_common>
            <accessor source="#pos_28-array" count="144" stride="3">
              <param name="X" type="float"/>
              <param name="Y" type="float"/>
              <param name="Z" type="float"/>
            </accessor>
          </technique_common>
        </source>
        <source id="norm_28">
          <float_array id="norm_28-array" count="21">0 0 1 0 0 -1 1 0 0 0 1 0 -1 0 0 0 -1 0 -0 0 1</float_array>
          <technique_common>
            <accessor source="#norm_28-array" count="21" stride="3">
              <param name="X" type="float"/>
              <param name="Y" type="float"/>
              <param name="Z" type="float"/>
            </accessor>
          </technique_common>
        </source>
        <vertices id="vert_28">
          <input semantic="POSITION" source="#pos_28"/>
        </vertices>
        <triangles count="84" material="mat_9">
          <input semantic="VERTEX" source="#vert_28" offset="0"/>
          <input semantic="NORMAL" source="#norm_28" offset="1"/>
          <p>0 0 1 0 2 0 2 0 1 0 3 0 4 1 5 1 6 1 6 1 5 1 7 1 8 2 9 2 2 2 3 2 4 2 6 2 6 2 10 2 11 2 12 2 13 2 11 2 11 2 13 2 8 2 11 2 8 2 6 2 6 2 8 2 2 2 6 2 2 2 3 2 9 3 14 3 2 3 2 3 14 3 0 3 7 4 5 4 1 4 15 4 16 4 17 4 17 4 16 4 18 4 0 4 14 4 15 4 17 4 19 4 15 4 15 4 19 4 7 4 15 4 7 4 0 4 0 4 7 4 1 4 5 5 4 5 1 5 1 5 4 5 3 5 14 1 9 1 15 1 15 1 9 1 8 1 13 3 16 3 8 3 8 3 16 3 15 3 16 1 13 1 18 1 18 1 13 1 12 1 6 5 7 5 10 5 10 5 7 5 19 5 17 5 18 5 11 5 11 5 18 5 12 5 17 1 11 1 19 1 19 1 11 1 10 1 20 0 21 0 22 0 22 0 21 0 23 0 24 5 25 5 23 5 23 5 25 5 22 5 26 3 27 3 20 3 20 3 27 3 21 3 28 4 24 4 23 4 29 4 30 4 31 4 31 4 30 4 32 4 21 4 27 4 29 4 31 4 33 4 29 4 29 4 33 4 28 4 29 4 28 4 21 4 21 4 28 4 23 4 25 1 24 1 34 1 34 1 24 1 28 1 27 1 26 1 29 1 29 1 26 1 35 1 34 5 28 5 36 5 36 5 28 5 33 5 37 3 30 3 35 3 35 3 30 3 29 3 26 2 20 2 35 2 35 2 20 2 22 2 35 2 22 2 34 2 34 2 22 2 25 2 38 2 37 2 39 2 39 2 37 2 35 2 39 2 35 2 36 2 36 2 35 2 34 2 30 1 37 1 32 1 32 1 37 1 38 1 32 5 38 5 31 5 31 5 38 5 39 5 31 1 39 1 33 1 33 1 39 1 36 1 40 6 41 6 42 6 42 6 41 6 43 6 44 1 45 1 46 1 46 1 45 1 47 1 46 5 47 5 43 5 43 5 47 5 42 5 47 2 45 2 42 2 42 2 45 2 40 2 45 3 44 3 40 3 40 3 44 3 41 3 44 4 46 4 41 4 41 4 46 4 43 4</p>
        </triangles>
      </mesh>
    </geometry>
    <geometry id="geometry_f25e3ab7_f36d_427b_9948_967035331036">
      <mesh>
        <source id="pos_29">
          <float_array id="pos_29-array" count="396">3.80433559 -5.83500004 0.461 3.00433564 -5.83500004 0.461 3.80433559 -5.83500004 0.49599999 3.00433564 -5.83500004 0.49599999 3.00433564 -5.84000015 0.461 3.00433564 -5.84000015 0.50099999 3.00433564 -5.80000019 0.49599999 3.00433564 -5.80000019 0.50099999 3.80433559 -5.84000015 0.461 3.80433559 -5.84000015 0.50099999 3.80433559 -5.80000019 0.49599999 3.80433559 -5.80000019 0.50099999 3.31683564 -5.80000019 0.49599999 3.31683564 -5.80000019 0.50099999 3.49183559 -5.80000019 0.49599999 3.49183559 -5.80000019 0.50099999 3.49808574 -5.83082533 0.50099999 3.49549675 -5.82883883 0.50099999 3.31516099 -5.82625008 0.50099999 3.31317449 -5.82883883 0.50099999 3.49226165 -5.82323503 0.50099999 3.51317453 -5.82883883 0.50099999 3.51058578 -5.83082533 0.50099999 3.71683574 -5.80000019 0.50099999 3.71683574 -5.82000017 0.50099999 3.71640968 -5.82323503 0.50099999 3.71516109 -5.82625008 0.50099999 3.71317458 -5.82883883 0.50099999 3.71058559 -5.83082533 0.50099999 3.69808578 -5.83082533 0.50099999 3.6954968 -5.82883883 0.50099999 3.69351029 -5.82625008 0.50099999 3.6922617 -5.82323503 0.50099999 3.50757098 -5.83207417 0.50099999 3.50433564 -5.83249998 0.50099999 3.50110054 -5.83207417 0.50099999 3.31058574 -5.83082533 0.50099999 3.49351048 -5.82625008 0.50099999 3.29808569 -5.83082533 0.50099999 3.29549694 -5.82883883 0.50099999 3.70757103 -5.83207417 0.50099999 3.70433569 -5.83249998 0.50099999 3.70110035 -5.83207417 0.50099999 3.69183564 -5.82000017 0.50099999 3.69183564 -5.80000019 0.50099999 3.51683569 -5.80000019 0.50099999 3.51683569 -5.82000017 0.50099999 3.51640987 -5.82323503 0.50099999 3.51516104 -5.82625008 0.50099999 3.49183559 -5.82000017 0.50099999 3.31683564 -5.82000017 0.50099999 3.31640983 -5.82323503 0.50099999 3.11058569 -5.83082533 0.50099999 3.11317444 -5.82883883 0.50099999 3.29351044 -5.82625008 0.50099999 3.2922616 -5.82323503 0.50099999 3.09808564 -5.83082533 0.50099999 3.09549689 -5.82883883 0.50099999 3.09351039 -5.82625008 0.50099999 3.30757093 -5.83207417 0.50099999 3.30433559 -5.83249998 0.50099999 3.30110049 -5.83207417 0.50099999 3.29183578 -5.82000017 0.50099999 3.29183578 -5.80000019 0.50099999 3.11683559 -5.80000019 0.50099999 3.09183574 -5.80000019 0.50099999 3.09183574 -5.82000017 0.50099999 3.09226155 -5.82323503 0.50099999 3.11683559 -5.82000017 0.50099999 3.11640978 -5.82323503 0.50099999 3.11516094 -5.82625008 0.50099999 3.10757089 -5.83207417 0.50099999 3.10433578 -5.83249998 0.50099999 3.10110044 -5.83207417 0.50099999 3.69183564 -5.80000019 0.49599999 3.51683569 -5.80000019 0.49599999 3.11683559 -5.80000019 0.49599999 3.29183578 -5.80000019 0.49599999 3.71683574 -5.80000019 0.49599999 3.09183574 -5.80000019 0.49599999 3.30110049 -5.83207417 0.49599999 3.30433559 -5.83249998 0.49599999 3.11317444 -5.82883883 0.49599999 3.30757093 -5.83207417 0.49599999 3.49549675 -5.82883883 0.49599999 3.31058574 -5.83082533 0.49599999 3.31317449 -5.82883883 0.49599999 3.31516099 -5.82625008 0.49599999 3.31640983 -5.82323503 0.49599999 3.49351048 -5.82625008 0.49599999 3.51058578 -5.83082533 0.49599999 3.51317453 -5.82883883 0.49599999 3.11058569 -5.83082533 0.49599999 3.09183574 -5.82000017 0.49599999 3.09226155 -5.82323503 0.49599999 3.11516094 -5.82625008 0.49599999 3.11640978 -5.82323503 0.49599999 3.29549694 -5.82883883 0.49599999 3.69808578 -5.83082533 0.49599999 3.6954968 -5.82883883 0.49599999 3.51516104 -5.82625008 0.49599999 3.51640987 -5.82323503 0.49599999 3.71058559 -5.83082533 0.49599999 3.71317458 -5.82883883 0.49599999 3.71516109 -5.82625008 0.49599999 3.31683564 -5.82000017 0.49599999 3.49183559 -5.82000017 0.49599999 3.49226165 -5.82323503 0.49599999 3.09351039 -5.82625008 0.49599999 3.09549689 -5.82883883 0.49599999 3.09808564 -5.83082533 0.49599999 3.29808569 -5.83082533 0.49599999 3.51683569 -5.82000017 0.49599999 3.71683574 -5.82000017 0.49599999 3.71640968 -5.82323503 0.49599999 3.69183564 -5.82000017 0.49599999 3.6922617 -5.82323503 0.49599999 3.69351029 -5.82625008 0.49599999 3.70110035 -5.83207417 0.49599999 3.70433569 -5.83249998 0.49599999 3.70757103 -5.83207417 0.49599999 3.11683559 -5.82000017 0.49599999 3.29183578 -5.82000017 0.49599999 3.2922616 -5.82323503 0.49599999 3.29351044 -5.82625008 0.49599999 3.10110044 -5.83207417 0.49599999 3.10433578 -5.83249998 0.49599999 3.10757089 -5.83207417 0.49599999 3.49808574 -5.83082533 0.49599999 3.50110054 -5.83207417 0.49599999 3.50433564 -5.83249998 0.49599999 3.50757098 -5.83207417 0.49599999</float_array>
          <technique_common>
            <accessor source="#pos_29-array" count="396" stride="3">
              <param name="X" type="float"/>
              <param name="Y" type="float"/>
              <param name="Z" type="float"/>
            </accessor>
          </technique_common>
        </source>
        <source id="norm_29">
          <float_array id="norm_29-array" count="57">0 1 0 -1 0 0 0 0 -1 0 -1 0 1 0 0 0 0 1 -1 -0 0 -0.96593 0.25882 0 -0.86603 0.5 0 -0.70711 0.70711 0 -0.5 0.86603 0 -0.25882 0.96593 0 -0 1 0 0.25882 0.96593 0 0.5 0.86603 0 0.70711 0.70711 0 0.86603 0.5 0 0.96593 0.25882 0 1 0 0</float_array>
          <technique_common>
            <accessor source="#norm_29-array" count="57" stride="3">
              <param name="X" type="float"/>
              <param name="Y" type="float"/>
              <param name="Z" type="float"/>
            </accessor>
          </technique_common>
        </source>
        <vertices id="vert_29">
          <input semantic="POSITION" source="#pos_29"/>
        </vertices>
        <triangles count="260" material="mat_9">
          <input semantic="VERTEX" source="#vert_29" offset="0"/>
          <input semantic="NORMAL" source="#norm_29" offset="1"/>
          <p>0 0 1 0 2 0 2 0 1 0 3 0 1 1 4 1 3 1 3 1 4 1 5 1 3 1 5 1 6 1 6 1 5 1 7 1 8 2 4 2 0 2 0 2 4 2 1 2 8 3 9 3 4 3 4 3 9 3 5 3 10 4 11 4 2 4 2 4 11 4 9 4 2 4 9 4 0 4 0 4 9 4 8 4 12 0 13 0 14 0 14 0 13 0 15 0 16 5 17 5 5 5 18 5 19 5 20 5 9 5 21 5 22 5 11 5 23 5 9 5 9 5 23 5 24 5 9 5 24 5 25 5 25 5 26 5 9 5 9 5 26 5 27 5 9 5 27 5 28 5 29 5 30 5 21 5 21 5 30 5 31 5 21 5 31 5 32 5 22 5 33 5 9 5 9 5 33 5 34 5 9 5 34 5 5 5 5 5 34 5 35 5 5 5 35 5 16 5 36 5 17 5 19 5 19 5 17 5 37 5 19 5 37 5 20 5 38 5 39 5 5 5 28 5 40 5 9 5 9 5 40 5 41 5 9 5 41 5 21 5 21 5 41 5 42 5 21 5 42 5 29 5 43 5 44 5 45 5 45 5 46 5 43 5 43 5 46 5 47 5 43 5 47 5 32 5 32 5 47 5 48 5 32 5 48 5 21 5 15 5 13 5 49 5 49 5 13 5 50 5 49 5 50 5 20 5 20 5 50 5 51 5 20 5 51 5 18 5 52 5 39 5 53 5 53 5 39 5 54 5 53 5 54 5 55 5 56 5 57 5 5 5 5 5 57 5 58 5 36 5 59 5 17 5 17 5 59 5 60 5 17 5 60 5 5 5 5 5 60 5 61 5 5 5 61 5 38 5 62 5 63 5 64 5 65 5 7 5 66 5 66 5 7 5 5 5 66 5 5 5 67 5 67 5 5 5 58 5 64 5 68 5 62 5 62 5 68 5 69 5 62 5 69 5 55 5 55 5 69 5 70 5 55 5 70 5 53 5 52 5 71 5 39 5 39 5 71 5 72 5 39 5 72 5 5 5 5 5 72 5 73 5 5 5 73 5 56 5 44 0 74 0 45 0 45 0 74 0 75 0 76 0 64 0 77 0 77 0 64 0 63 0 11 0 10 0 23 0 23 0 10 0 78 0 6 0 7 0 79 0 79 0 7 0 65 0 80 2 81 2 82 2 81 2 83 2 84 2 84 2 83 2 85 2 84 2 85 2 86 2 86 2 87 2 84 2 84 2 87 2 88 2 84 2 88 2 89 2 90 2 91 2 2 2 82 2 81 2 92 2 6 2 79 2 3 2 3 2 79 2 93 2 3 2 93 2 94 2 95 2 96 2 97 2 98 2 91 2 99 2 99 2 91 2 100 2 99 2 100 2 101 2 102 2 103 2 2 2 2 2 103 2 104 2 12 2 14 2 105 2 105 2 14 2 106 2 105 2 106 2 88 2 88 2 106 2 107 2 88 2 107 2 89 2 94 2 108 2 3 2 3 2 108 2 109 2 3 2 109 2 110 2 95 2 97 2 82 2 82 2 97 2 111 2 82 2 111 2 80 2 112 2 75 2 74 2 78 2 10 2 113 2 113 2 10 2 2 2 113 2 2 2 114 2 114 2 2 2 104 2 74 2 115 2 112 2 112 2 115 2 116 2 112 2 116 2 101 2 101 2 116 2 117 2 101 2 117 2 99 2 98 2 118 2 91 2 91 2 118 2 119 2 91 2 119 2 2 2 2 2 119 2 120 2 2 2 120 2 102 2 121 2 76 2 77 2 77 2 122 2 121 2 121 2 122 2 123 2 121 2 123 2 96 2 96 2 123 2 124 2 96 2 124 2 97 2 110 2 125 2 3 2 3 2 125 2 126 2 3 2 126 2 81 2 81 2 126 2 127 2 81 2 127 2 92 2 84 2 128 2 81 2 81 2 128 2 129 2 81 2 129 2 3 2 3 2 129 2 130 2 3 2 130 2 2 2 2 2 130 2 131 2 2 2 131 2 90 2 65 4 66 4 79 4 79 4 66 4 93 4 68 1 64 1 121 1 121 1 64 1 76 1 68 6 121 6 69 7 69 7 121 6 96 7 69 7 96 7 70 8 70 8 96 7 95 8 70 8 95 8 53 9 53 9 95 8 82 9 53 9 82 9 52 10 52 10 82 9 92 10 52 10 92 10 71 11 71 11 92 10 127 11 71 11 127 11 72 12 72 12 127 11 126 12 72 12 126 12 73 13 73 13 126 12 125 13 73 13 125 13 56 14 56 14 125 13 110 14 56 14 110 14 57 15 57 15 110 14 109 15 57 15 109 15 58 16 58 16 109 15 108 16 58 16 108 16 67 17 67 17 108 16 94 17 67 17 94 17 66 18 66 18 94 17 93 18 44 4 43 4 74 4 74 4 43 4 115 4 24 1 23 1 113 1 113 1 23 1 78 1 24 6 113 6 25 7 25 7 113 6 114 7 25 7 114 7 26 8 26 8 114 7 104 8 26 8 104 8 27 9 27 9 104 8 103 9 27 9 103 9 28 10 28 10 103 9 102 10 28 10 102 10 40 11 40 11 102 10 120 11 40 11 120 11 41 12 41 12 120 11 119 12 41 12 119 12 42 13 42 13 119 12 118 13 42 13 118 13 29 14 29 14 118 13 98 14 29 14 98 14 30 15 30 15 98 14 99 15 30 15 99 15 31 16 31 16 99 15 117 16 31 16 117 16 32 17 32 17 117 16 116 17 32 17 116 17 43 18 43 18 116 17 115 18 63 4 62 4 77 4 77 4 62 4 122 4 50 1 13 1 105 1 105 1 13 1 12 1 50 6 105 6 51 7 51 7 105 6 88 7 51 7 88 7 18 8 18 8 88 7 87 8 18 8 87 8 19 9 19 9 87 8 86 9 19 9 86 9 36 10 36 10 86 9 85 10 36 10 85 10 59 11 59 11 85 10 83 11 59 11 83 11 60 12 60 12 83 11 81 12 60 12 81 12 61 13 61 13 81 12 80 13 61 13 80 13 38 14 38 14 80 13 111 14 38 14 111 14 39 15 39 15 111 14 97 15 39 15 97 15 54 16 54 16 97 15 124 16 54 16 124 16 55 17 55 17 124 16 123 17 55 17 123 17 62 18 62 18 123 17 122 18 15 4 49 4 14 4 14 4 49 4 106 4 46 1 45 1 112 1 112 1 45 1 75 1 46 6 112 6 47 7 47 7 112 6 101 7 47 7 101 7 48 8 48 8 101 7 100 8 48 8 100 8 21 9 21 9 100 8 91 9 21 9 91 9 22 10 22 10 91 9 90 10 22 10 90 10 33 11 33 11 90 10 131 11 33 11 131 11 34 12 34 12 131 11 130 12 34 12 130 12 35 13 35 13 130 12 129 13 35 13 129 13 16 14 16 14 129 13 128 14 16 14 128 14 17 15 17 15 128 14 84 15 17 15 84 15 37 16 37 16 84 15 89 16 37 16 89 16 20 17 20 17 89 16 107 17 20 17 107 17 49 18 49 18 107 17 106 18</p>
        </triangles>
      </mesh>
    </geometry>
    <geometry id="geometry_b8863dad_f147_4b3c_93b1_f3943cb59a28">
      <mesh>
        <source id="pos_30">
          <float_array id="pos_30-array" count="396">3.00433564 -5.83500004 -0.461 3.80433559 -5.83500004 -0.461 3.00433564 -5.83500004 -0.49599999 3.80433559 -5.83500004 -0.49599999 3.00433564 -5.80000019 -0.49599999 3.00433564 -5.80000019 -0.50099999 3.00433564 -5.84000015 -0.50099999 3.00433564 -5.84000015 -0.461 3.80433559 -5.84000015 -0.461 3.80433559 -5.84000015 -0.50099999 3.80433559 -5.80000019 -0.49599999 3.80433559 -5.80000019 -0.50099999 3.31683564 -5.80000019 -0.50099999 3.31683564 -5.80000019 -0.49599999 3.49183559 -5.80000019 -0.50099999 3.49183559 -5.80000019 -0.49599999 3.30110049 -5.83207417 -0.50099999 3.30433559 -5.83249998 -0.50099999 3.11317444 -5.82883883 -0.50099999 3.51058578 -5.83082533 -0.50099999 3.6954968 -5.82883883 -0.50099999 3.50757098 -5.83207417 -0.50099999 3.50433564 -5.83249998 -0.50099999 3.51317453 -5.82883883 -0.50099999 3.51516104 -5.82625008 -0.50099999 3.51640987 -5.82323503 -0.50099999 3.71683574 -5.80000019 -0.50099999 3.71683574 -5.82000017 -0.50099999 3.71640968 -5.82323503 -0.50099999 3.71516109 -5.82625008 -0.50099999 3.51683569 -5.82000017 -0.50099999 3.51683569 -5.80000019 -0.50099999 3.69183564 -5.80000019 -0.50099999 3.09183574 -5.80000019 -0.50099999 3.09183574 -5.82000017 -0.50099999 3.09226155 -5.82323503 -0.50099999 3.49351048 -5.82625008 -0.50099999 3.49549675 -5.82883883 -0.50099999 3.31640983 -5.82323503 -0.50099999 3.11516094 -5.82625008 -0.50099999 3.11640978 -5.82323503 -0.50099999 3.29549694 -5.82883883 -0.50099999 3.69183564 -5.82000017 -0.50099999 3.6922617 -5.82323503 -0.50099999 3.69351029 -5.82625008 -0.50099999 3.09351039 -5.82625008 -0.50099999 3.09549689 -5.82883883 -0.50099999 3.09808564 -5.83082533 -0.50099999 3.29808569 -5.83082533 -0.50099999 3.49808574 -5.83082533 -0.50099999 3.31317449 -5.82883883 -0.50099999 3.31516099 -5.82625008 -0.50099999 3.11683559 -5.82000017 -0.50099999 3.11683559 -5.80000019 -0.50099999 3.29183578 -5.80000019 -0.50099999 3.30757093 -5.83207417 -0.50099999 3.31058574 -5.83082533 -0.50099999 3.70757103 -5.83207417 -0.50099999 3.71058559 -5.83082533 -0.50099999 3.71317458 -5.82883883 -0.50099999 3.29183578 -5.82000017 -0.50099999 3.2922616 -5.82323503 -0.50099999 3.29351044 -5.82625008 -0.50099999 3.10110044 -5.83207417 -0.50099999 3.10433578 -5.83249998 -0.50099999 3.10757089 -5.83207417 -0.50099999 3.11058569 -5.83082533 -0.50099999 3.31683564 -5.82000017 -0.50099999 3.49183559 -5.82000017 -0.50099999 3.49226165 -5.82323503 -0.50099999 3.69808578 -5.83082533 -0.50099999 3.70110035 -5.83207417 -0.50099999 3.70433569 -5.83249998 -0.50099999 3.50110054 -5.83207417 -0.50099999 3.69183564 -5.80000019 -0.49599999 3.51683569 -5.80000019 -0.49599999 3.11683559 -5.80000019 -0.49599999 3.29183578 -5.80000019 -0.49599999 3.71683574 -5.80000019 -0.49599999 3.09183574 -5.80000019 -0.49599999 3.50757098 -5.83207417 -0.49599999 3.50433564 -5.83249998 -0.49599999 3.6954968 -5.82883883 -0.49599999 3.49808574 -5.83082533 -0.49599999 3.31317449 -5.82883883 -0.49599999 3.50110054 -5.83207417 -0.49599999 3.49549675 -5.82883883 -0.49599999 3.49351048 -5.82625008 -0.49599999 3.49226165 -5.82323503 -0.49599999 3.29808569 -5.83082533 -0.49599999 3.29549694 -5.82883883 -0.49599999 3.69808578 -5.83082533 -0.49599999 3.49183559 -5.82000017 -0.49599999 3.71683574 -5.82000017 -0.49599999 3.71640968 -5.82323503 -0.49599999 3.69351029 -5.82625008 -0.49599999 3.6922617 -5.82323503 -0.49599999 3.51317453 -5.82883883 -0.49599999 3.11058569 -5.83082533 -0.49599999 3.11317444 -5.82883883 -0.49599999 3.29351044 -5.82625008 -0.49599999 3.2922616 -5.82323503 -0.49599999 3.09808564 -5.83082533 -0.49599999 3.09549689 -5.82883883 -0.49599999 3.09351039 -5.82625008 -0.49599999 3.31683564 -5.82000017 -0.49599999 3.31640983 -5.82323503 -0.49599999 3.31516099 -5.82625008 -0.49599999 3.71516109 -5.82625008 -0.49599999 3.71317458 -5.82883883 -0.49599999 3.71058559 -5.83082533 -0.49599999 3.51058578 -5.83082533 -0.49599999 3.29183578 -5.82000017 -0.49599999 3.09183574 -5.82000017 -0.49599999 3.09226155 -5.82323503 -0.49599999 3.11683559 -5.82000017 -0.49599999 3.11640978 -5.82323503 -0.49599999 3.11516094 -5.82625008 -0.49599999 3.10757089 -5.83207417 -0.49599999 3.10433578 -5.83249998 -0.49599999 3.10110044 -5.83207417 -0.49599999 3.69183564 -5.82000017 -0.49599999 3.51683569 -5.82000017 -0.49599999 3.51640987 -5.82323503 -0.49599999 3.51516104 -5.82625008 -0.49599999 3.70757103 -5.83207417 -0.49599999 3.70433569 -5.83249998 -0.49599999 3.70110035 -5.83207417 -0.49599999 3.31058574 -5.83082533 -0.49599999 3.30757093 -5.83207417 -0.49599999 3.30433559 -5.83249998 -0.49599999 3.30110049 -5.83207417 -0.49599999</float_array>
          <technique_common>
            <accessor source="#pos_30-array" count="396" stride="3">
              <param name="X" type="float"/>
              <param name="Y" type="float"/>
              <param name="Z" type="float"/>
            </accessor>
          </technique_common>
        </source>
        <source id="norm_30">
          <float_array id="norm_30-array" count="57">0 1 0 -1 0 0 0 0 1 0 -1 0 1 0 0 0 0 -1 -1 -0 0 -0.96593 0.25882 0 -0.86603 0.5 0 -0.70711 0.70711 0 -0.5 0.86603 0 -0.25882 0.96593 0 -0 1 0 0.25882 0.96593 0 0.5 0.86603 0 0.70711 0.70711 0 0.86603 0.5 0 0.96593 0.25882 0 1 0 0</float_array>
          <technique_common>
            <accessor source="#norm_30-array" count="57" stride="3">
              <param name="X" type="float"/>
              <param name="Y" type="float"/>
              <param name="Z" type="float"/>
            </accessor>
          </technique_common>
        </source>
        <vertices id="vert_30">
          <input semantic="POSITION" source="#pos_30"/>
        </vertices>
        <triangles count="260" material="mat_9">
          <input semantic="VERTEX" source="#vert_30" offset="0"/>
          <input semantic="NORMAL" source="#norm_30" offset="1"/>
          <p>0 0 1 0 2 0 2 0 1 0 3 0 4 1 5 1 2 1 2 1 5 1 6 1 2 1 6 1 0 1 0 1 6 1 7 1 7 2 8 2 0 2 0 2 8 2 1 2 9 3 8 3 6 3 6 3 8 3 7 3 1 4 8 4 3 4 3 4 8 4 9 4 3 4 9 4 10 4 10 4 9 4 11 4 12 0 13 0 14 0 14 0 13 0 15 0 16 5 17 5 18 5 19 5 20 5 21 5 21 5 20 5 22 5 19 5 23 5 20 5 20 5 23 5 24 5 20 5 24 5 25 5 26 5 11 5 27 5 27 5 11 5 9 5 27 5 9 5 28 5 28 5 9 5 29 5 30 5 31 5 32 5 5 5 33 5 6 5 6 5 33 5 34 5 6 5 34 5 35 5 36 5 37 5 38 5 39 5 40 5 41 5 32 5 42 5 30 5 30 5 42 5 43 5 30 5 43 5 25 5 25 5 43 5 44 5 25 5 44 5 20 5 35 5 45 5 6 5 6 5 45 5 46 5 6 5 46 5 47 5 39 5 41 5 18 5 18 5 41 5 48 5 18 5 48 5 16 5 49 5 50 5 37 5 37 5 50 5 51 5 37 5 51 5 38 5 52 5 53 5 54 5 17 5 55 5 9 5 9 5 55 5 56 5 9 5 56 5 50 5 57 5 58 5 9 5 9 5 58 5 59 5 9 5 59 5 29 5 54 5 60 5 52 5 52 5 60 5 61 5 52 5 61 5 40 5 40 5 61 5 62 5 40 5 62 5 41 5 47 5 63 5 6 5 6 5 63 5 64 5 6 5 64 5 9 5 9 5 64 5 65 5 9 5 65 5 17 5 17 5 65 5 66 5 17 5 66 5 18 5 12 5 14 5 67 5 67 5 14 5 68 5 67 5 68 5 38 5 38 5 68 5 69 5 38 5 69 5 36 5 20 5 70 5 22 5 22 5 70 5 71 5 22 5 71 5 72 5 49 5 73 5 50 5 50 5 73 5 22 5 50 5 22 5 9 5 9 5 22 5 72 5 9 5 72 5 57 5 74 0 32 0 75 0 75 0 32 0 31 0 53 0 76 0 54 0 54 0 76 0 77 0 10 0 11 0 78 0 78 0 11 0 26 0 5 0 4 0 33 0 33 0 4 0 79 0 80 2 81 2 82 2 83 2 84 2 85 2 85 2 84 2 81 2 83 2 86 2 84 2 84 2 86 2 87 2 84 2 87 2 88 2 89 2 90 2 2 2 82 2 81 2 91 2 92 2 15 2 13 2 10 2 78 2 3 2 3 2 78 2 93 2 3 2 93 2 94 2 95 2 96 2 97 2 98 2 90 2 99 2 99 2 90 2 100 2 99 2 100 2 101 2 102 2 103 2 2 2 2 2 103 2 104 2 13 2 105 2 92 2 92 2 105 2 106 2 92 2 106 2 88 2 88 2 106 2 107 2 88 2 107 2 84 2 94 2 108 2 3 2 3 2 108 2 109 2 3 2 109 2 110 2 95 2 97 2 82 2 82 2 97 2 111 2 82 2 111 2 80 2 112 2 77 2 76 2 79 2 4 2 113 2 113 2 4 2 2 2 113 2 2 2 114 2 114 2 2 2 104 2 76 2 115 2 112 2 112 2 115 2 116 2 112 2 116 2 101 2 101 2 116 2 117 2 101 2 117 2 99 2 98 2 118 2 90 2 90 2 118 2 119 2 90 2 119 2 2 2 2 2 119 2 120 2 2 2 120 2 102 2 121 2 74 2 75 2 75 2 122 2 121 2 121 2 122 2 123 2 121 2 123 2 96 2 96 2 123 2 124 2 96 2 124 2 97 2 110 2 125 2 3 2 3 2 125 2 126 2 3 2 126 2 81 2 81 2 126 2 127 2 81 2 127 2 91 2 84 2 128 2 81 2 81 2 128 2 129 2 81 2 129 2 3 2 3 2 129 2 130 2 3 2 130 2 2 2 2 2 130 2 131 2 2 2 131 2 89 2 34 4 33 4 113 4 113 4 33 4 79 4 53 1 52 1 76 1 76 1 52 1 115 1 115 6 52 6 116 7 116 7 52 6 40 7 116 7 40 7 117 8 117 8 40 7 39 8 117 8 39 8 99 9 99 9 39 8 18 9 99 9 18 9 98 10 98 10 18 9 66 10 98 10 66 10 118 11 118 11 66 10 65 11 118 11 65 11 119 12 119 12 65 11 64 12 119 12 64 12 120 13 120 13 64 12 63 13 120 13 63 13 102 14 102 14 63 13 47 14 102 14 47 14 103 15 103 15 47 14 46 15 103 15 46 15 104 16 104 16 46 15 45 16 104 16 45 16 114 17 114 17 45 16 35 17 114 17 35 17 113 18 113 18 35 17 34 18 42 4 32 4 121 4 121 4 32 4 74 4 26 1 27 1 78 1 78 1 27 1 93 1 93 6 27 6 94 7 94 7 27 6 28 7 94 7 28 7 108 8 108 8 28 7 29 8 108 8 29 8 109 9 109 9 29 8 59 9 109 9 59 9 110 10 110 10 59 9 58 10 110 10 58 10 125 11 125 11 58 10 57 11 125 11 57 11 126 12 126 12 57 11 72 12 126 12 72 12 127 13 127 13 72 12 71 13 127 13 71 13 91 14 91 14 71 13 70 14 91 14 70 14 82 15 82 15 70 14 20 15 82 15 20 15 95 16 95 16 20 15 44 16 95 16 44 16 96 17 96 17 44 16 43 17 96 17 43 17 121 18 121 18 43 17 42 18 60 4 54 4 112 4 112 4 54 4 77 4 12 1 67 1 13 1 13 1 67 1 105 1 105 6 67 6 106 7 106 7 67 6 38 7 106 7 38 7 107 8 107 8 38 7 51 8 107 8 51 8 84 9 84 9 51 8 50 9 84 9 50 9 128 10 128 10 50 9 56 10 128 10 56 10 129 11 129 11 56 10 55 11 129 11 55 11 130 12 130 12 55 11 17 12 130 12 17 12 131 13 131 13 17 12 16 13 131 13 16 13 89 14 89 14 16 13 48 14 89 14 48 14 90 15 90 15 48 14 41 15 90 15 41 15 100 16 100 16 41 15 62 16 100 16 62 16 101 17 101 17 62 16 61 17 101 17 61 17 112 18 112 18 61 17 60 18 68 4 14 4 92 4 92 4 14 4 15 4 31 1 30 1 75 1 75 1 30 1 122 1 122 6 30 6 123 7 123 7 30 6 25 7 123 7 25 7 124 8 124 8 25 7 24 8 124 8 24 8 97 9 97 9 24 8 23 9 97 9 23 9 111 10 111 10 23 9 19 10 111 10 19 10 80 11 80 11 19 10 21 11 80 11 21 11 81 12 81 12 21 11 22 12 81 12 22 12 85 13 85 13 22 12 73 13 85 13 73 13 83 14 83 14 73 13 49 14 83 14 49 14 86 15 86 15 49 14 37 15 86 15 37 15 87 16 87 16 37 15 36 16 87 16 36 16 88 17 88 17 36 16 69 17 88 17 69 17 92 18 92 18 69 17 68 18</p>
        </triangles>
      </mesh>
    </geometry>
    <geometry id="geometry_d7516ed3_b860_41d2_b2a4_8882d72a7268">
      <mesh>
        <source id="pos_31">
          <float_array id="pos_31-array" count="48">3.0443356 -5.80000019 -0.041 3.0443356 -5.78000021 -0.041 3.00433564 -5.80000019 -0.041 3.00433564 -5.78000021 -0.041 3.0443356 -5.78000021 -0.081 3.0443356 -5.80000019 -0.081 3.00433564 -5.78000021 -0.081 3.00433564 -5.80000019 -0.081 3.80433559 -5.80000019 -0.041 3.80433559 -5.78000021 -0.041 3.76433563 -5.80000019 -0.041 3.76433563 -5.78000021 -0.041 3.80433559 -5.78000021 -0.081 3.80433559 -5.80000019 -0.081 3.76433563 -5.78000021 -0.081 3.76433563 -5.80000019 -0.081</float_array>
          <technique_common>
            <accessor source="#pos_31-array" count="48" stride="3">
              <param name="X" type="float"/>
              <param name="Y" type="float"/>
              <param name="Z" type="float"/>
            </accessor>
          </technique_common>
        </source>
        <source id="norm_31">
          <float_array id="norm_31-array" count="18">0 0 1 0 0 -1 -1 0 0 0 1 0 1 0 0 0 -1 0</float_array>
          <technique_common>
            <accessor source="#norm_31-array" count="18" stride="3">
              <param name="X" type="float"/>
              <param name="Y" type="float"/>
              <param name="Z" type="float"/>
            </accessor>
          </technique_common>
        </source>
        <vertices id="vert_31">
          <input semantic="POSITION" source="#pos_31"/>
        </vertices>
        <triangles count="24" material="mat_9">
          <input semantic="VERTEX" source="#vert_31" offset="0"/>
          <input semantic="NORMAL" source="#norm_31" offset="1"/>
          <p>0 0 1 0 2 0 2 0 1 0 3 0 4 1 5 1 6 1 6 1 5 1 7 1 2 2 3 2 7 2 7 2 3 2 6 2 3 3 1 3 6 3 6 3 1 3 4 3 1 4 0 4 4 4 4 4 0 4 5 4 0 5 2 5 5 5 5 5 2 5 7 5 8 0 9 0 10 0 10 0 9 0 11 0 12 1 13 1 14 1 14 1 13 1 15 1 10 2 11 2 15 2 15 2 11 2 14 2 11 3 9 3 14 3 14 3 9 3 12 3 9 4 8 4 12 4 12 4 8 4 13 4 8 5 10 5 13 5 13 5 10 5 15 5</p>
        </triangles>
      </mesh>
    </geometry>
    <geometry id="geometry_592819b0_b282_4be2_85a2_3c1bb12cd9e5">
      <mesh>
        <source id="pos_32">
          <float_array id="pos_32-array" count="144">3.69393563 -5.71999979 1.07599998 3.69429016 -5.72269154 0.076 3.69429016 -5.72269154 1.07599998 3.69532895 -5.72520018 0.076 3.69532895 -5.72520018 1.07599998 3.69698191 -5.72735405 0.076 3.69698191 -5.72735405 1.07599998 3.69913578 -5.72900677 0.076 3.69913578 -5.72900677 1.07599998 3.70164394 -5.7300458 0.076 3.70164394 -5.7300458 1.07599998 3.70433569 -5.73040009 0.076 3.70433569 -5.73040009 1.07599998 3.70702744 -5.7300458 0.076 3.70702744 -5.7300458 1.07599998 3.7095356 -5.72900677 0.076 3.7095356 -5.72900677 1.07599998 3.71168971 -5.72735405 0.076 3.71168971 -5.72735405 1.07599998 3.71334243 -5.72520018 0.076 3.71334243 -5.72520018 1.07599998 3.71438122 -5.72269154 0.076 3.71438122 -5.72269154 1.07599998 3.71473575 -5.71999979 0.076 3.71473575 -5.71999979 1.07599998 3.71438122 -5.71730804 0.076 3.71438122 -5.71730804 1.07599998 3.71334243 -5.71479988 0.076 3.71334243 -5.71479988 1.07599998 3.71168971 -5.71264601 0.076 3.71168971 -5.71264601 1.07599998 3.7095356 -5.71099329 0.076 3.7095356 -5.71099329 1.07599998 3.70702744 -5.70995426 0.076 3.70702744 -5.70995426 1.07599998 3.70433569 -5.70959997 0.076 3.70433569 -5.70959997 1.07599998 3.70164394 -5.70995426 0.076 3.70164394 -5.70995426 1.07599998 3.69913578 -5.71099329 0.076 3.69913578 -5.71099329 1.07599998 3.69698191 -5.71264601 0.076 3.69698191 -5.71264601 1.07599998 3.69532895 -5.71479988 0.076 3.69532895 -5.71479988 1.07599998 3.69429016 -5.71730804 0.076 3.69429016 -5.71730804 1.07599998 3.69393563 -5.71999979 0.076</float_array>
          <technique_common>
            <accessor source="#pos_32-array" count="144" stride="3">
              <param name="X" type="float"/>
              <param name="Y" type="float"/>
              <param name="Z" type="float"/>
            </accessor>
          </technique_common>
        </source>
        <source id="norm_32">
          <float_array id="norm_32-array" count="72">-1 0 0 -0.96593 -0.25882 0 -0.86603 -0.5 0 -0.70711 -0.70711 0 -0.5 -0.86603 0 -0.25882 -0.96593 0 -0 -1 0 0.25882 -0.96593 0 0.5 -0.86603 0 0.70711 -0.70711 0 0.86603 -0.5 0 0.96593 -0.25882 0 1 -0 0 0.96593 0.25882 0 0.86603 0.5 0 0.70711 0.70711 0 0.5 0.86603 0 0.25882 0.96593 0 0 1 0 -0.25882 0.96593 0 -0.5 0.86603 0 -0.70711 0.70711 0 -0.86603 0.5 0 -0.96593 0.25882 0</float_array>
          <technique_common>
            <accessor source="#norm_32-array" count="72" stride="3">
              <param name="X" type="float"/>
              <param name="Y" type="float"/>
              <param name="Z" type="float"/>
            </accessor>
          </technique_common>
        </source>
        <vertices id="vert_32">
          <input semantic="POSITION" source="#pos_32"/>
        </vertices>
        <triangles count="48" material="mat_16">
          <input semantic="VERTEX" source="#vert_32" offset="0"/>
          <input semantic="NORMAL" source="#norm_32" offset="1"/>
          <p>0 0 1 1 2 1 2 1 1 1 3 2 2 1 3 2 4 2 4 2 3 2 5 3 4 2 5 3 6 3 6 3 5 3 7 4 6 3 7 4 8 4 8 4 7 4 9 5 8 4 9 5 10 5 10 5 9 5 11 6 10 5 11 6 12 6 12 6 11 6 13 7 12 6 13 7 14 7 14 7 13 7 15 8 14 7 15 8 16 8 16 8 15 8 17 9 16 8 17 9 18 9 18 9 17 9 19 10 18 9 19 10 20 10 20 10 19 10 21 11 20 10 21 11 22 11 22 11 21 11 23 12 22 11 23 12 24 12 24 12 23 12 25 13 24 12 25 13 26 13 26 13 25 13 27 14 26 13 27 14 28 14 28 14 27 14 29 15 28 14 29 15 30 15 30 15 29 15 31 16 30 15 31 16 32 16 32 16 31 16 33 17 32 16 33 17 34 17 34 17 33 17 35 18 34 17 35 18 36 18 36 18 35 18 37 19 36 18 37 19 38 19 38 19 37 19 39 20 38 19 39 20 40 20 40 20 39 20 41 21 40 20 41 21 42 21 42 21 41 21 43 22 42 21 43 22 44 22 44 22 43 22 45 23 44 22 45 23 46 23 46 23 45 23 47 0 46 23 47 0 0 0 0 0 47 0 1 1</p>
        </triangles>
      </mesh>
    </geometry>
    <geometry id="geometry_a4d11120_9d22_4aa4_aefc_6bbc76ca25cb">
      <mesh>
        <source id="pos_33">
          <float_array id="pos_33-array" count="288">3.70853567 -5.71272516 0.076 3.7095356 -5.71099329 0.076 3.71027541 -5.71406031 0.076 3.71168971 -5.71264601 0.076 3.71161032 -5.71579981 0.076 3.71334243 -5.71479988 0.076 3.71244955 -5.71782589 0.076 3.71438122 -5.71730804 0.076 3.71273565 -5.71999979 0.076 3.71473575 -5.71999979 0.076 3.71244955 -5.72217417 0.076 3.71438122 -5.72269154 0.076 3.71161032 -5.72419977 0.076 3.71334243 -5.72520018 0.076 3.71027541 -5.72593975 0.076 3.71168971 -5.72735405 0.076 3.70853567 -5.72727442 0.076 3.7095356 -5.72900677 0.076 3.70650983 -5.72811365 0.076 3.70702744 -5.7300458 0.076 3.70433569 -5.72840023 0.076 3.70433569 -5.73040009 0.076 3.70216155 -5.72811365 0.076 3.70164394 -5.7300458 0.076 3.70013571 -5.72727442 0.076 3.69913578 -5.72900677 0.076 3.69839597 -5.72593975 0.076 3.69698191 -5.72735405 0.076 3.69706106 -5.72419977 0.076 3.69532895 -5.72520018 0.076 3.69622183 -5.72217417 0.076 3.69429016 -5.72269154 0.076 3.69593573 -5.71999979 0.076 3.69393563 -5.71999979 0.076 3.69622183 -5.71782589 0.076 3.69429016 -5.71730804 0.076 3.69706106 -5.71579981 0.076 3.69532895 -5.71479988 0.076 3.69839597 -5.71406031 0.076 3.69698191 -5.71264601 0.076 3.70013571 -5.71272516 0.076 3.69913578 -5.71099329 0.076 3.70216155 -5.71188641 0.076 3.70164394 -5.70995426 0.076 3.70433569 -5.71159983 0.076 3.70433569 -5.70959997 0.076 3.70650983 -5.71188641 0.076 3.70702744 -5.70995426 0.076 3.70853567 -5.71272516 1.07599998 3.7095356 -5.71099329 1.07599998 3.70650983 -5.71188641 1.07599998 3.70702744 -5.70995426 1.07599998 3.70433569 -5.71159983 1.07599998 3.70433569 -5.70959997 1.07599998 3.70216155 -5.71188641 1.07599998 3.70164394 -5.70995426 1.07599998 3.70013571 -5.71272516 1.07599998 3.69913578 -5.71099329 1.07599998 3.69839597 -5.71406031 1.07599998 3.69698191 -5.71264601 1.07599998 3.69706106 -5.71579981 1.07599998 3.69532895 -5.71479988 1.07599998 3.69622183 -5.71782589 1.07599998 3.69429016 -5.71730804 1.07599998 3.69593573 -5.71999979 1.07599998 3.69393563 -5.71999979 1.07599998 3.69622183 -5.72217417 1.07599998 3.69429016 -5.72269154 1.07599998 3.69706106 -5.72419977 1.07599998 3.69532895 -5.72520018 1.07599998 3.69839597 -5.72593975 1.07599998 3.69698191 -5.72735405 1.07599998 3.70013571 -5.72727442 1.07599998 3.69913578 -5.72900677 1.07599998 3.70216155 -5.72811365 1.07599998 3.70164394 -5.7300458 1.07599998 3.70433569 -5.72840023 1.07599998 3.70433569 -5.73040009 1.07599998 3.70650983 -5.72811365 1.07599998 3.70702744 -5.7300458 1.07599998 3.70853567 -5.72727442 1.07599998 3.7095356 -5.72900677 1.07599998 3.71027541 -5.72593975 1.07599998 3.71168971 -5.72735405 1.07599998 3.71161032 -5.72419977 1.07599998 3.71334243 -5.72520018 1.07599998 3.71244955 -5.72217417 1.07599998 3.71438122 -5.72269154 1.07599998 3.71273565 -5.71999979 1.07599998 3.71473575 -5.71999979 1.07599998 3.71244955 -5.71782589 1.07599998 3.71438122 -5.71730804 1.07599998 3.71161032 -5.71579981 1.07599998 3.71334243 -5.71479988 1.07599998 3.71027541 -5.71406031 1.07599998 3.71168971 -5.71264601 1.07599998</float_array>
          <technique_common>
            <accessor source="#pos_33-array" count="288" stride="3">
              <param name="X" type="float"/>
              <param name="Y" type="float"/>
              <param name="Z" type="float"/>
            </accessor>
          </technique_common>
        </source>
        <source id="norm_33">
          <float_array id="norm_33-array" count="78">0 0 -1 0 0 1 1 -0 0 0.96593 0.25882 0 0.86603 0.5 0 0.70711 0.70711 0 0.5 0.86603 0 0.25882 0.96593 0 0 1 0 -0.25882 0.96593 0 -0.5 0.86603 0 -0.70711 0.70711 0 -0.86603 0.5 0 -0.96593 0.25882 0 -1 0 0 -0.96593 -0.25882 0 -0.86603 -0.5 0 -0.70711 -0.70711 0 -0.5 -0.86603 0 -0.25882 -0.96593 0 -0 -1 0 0.25882 -0.96593 0 0.5 -0.86603 0 0.70711 -0.70711 0 0.86603 -0.5 0 0.96593 -0.25882 0</float_array>
          <technique_common>
            <accessor source="#norm_33-array" count="78" stride="3">
              <param name="X" type="float"/>
              <param name="Y" type="float"/>
              <param name="Z" type="float"/>
            </accessor>
          </technique_common>
        </source>
        <vertices id="vert_33">
          <input semantic="POSITION" source="#pos_33"/>
        </vertices>
        <triangles count="144" material="mat_3">
          <input semantic="VERTEX" source="#vert_33" offset="0"/>
          <input semantic="NORMAL" source="#norm_33" offset="1"/>
          <p>0 0 1 0 2 0 2 0 1 0 3 0 2 0 3 0 4 0 4 0 3 0 5 0 4 0 5 0 6 0 6 0 5 0 7 0 6 0 7 0 8 0 8 0 7 0 9 0 8 0 9 0 10 0 10 0 9 0 11 0 10 0 11 0 12 0 12 0 11 0 13 0 12 0 13 0 14 0 14 0 13 0 15 0 14 0 15 0 16 0 16 0 15 0 17 0 16 0 17 0 18 0 18 0 17 0 19 0 18 0 19 0 20 0 20 0 19 0 21 0 20 0 21 0 22 0 22 0 21 0 23 0 22 0 23 0 24 0 24 0 23 0 25 0 24 0 25 0 26 0 26 0 25 0 27 0 26 0 27 0 28 0 28 0 27 0 29 0 28 0 29 0 30 0 30 0 29 0 31 0 30 0 31 0 32 0 32 0 31 0 33 0 32 0 33 0 34 0 34 0 33 0 35 0 34 0 35 0 36 0 36 0 35 0 37 0 36 0 37 0 38 0 38 0 37 0 39 0 38 0 39 0 40 0 40 0 39 0 41 0 40 0 41 0 42 0 42 0 41 0 43 0 42 0 43 0 44 0 44 0 43 0 45 0 44 0 45 0 46 0 46 0 45 0 47 0 46 0 47 0 0 0 0 0 47 0 1 0 48 1 49 1 50 1 50 1 49 1 51 1 50 1 51 1 52 1 52 1 51 1 53 1 52 1 53 1 54 1 54 1 53 1 55 1 54 1 55 1 56 1 56 1 55 1 57 1 56 1 57 1 58 1 58 1 57 1 59 1 58 1 59 1 60 1 60 1 59 1 61 1 60 1 61 1 62 1 62 1 61 1 63 1 62 1 63 1 64 1 64 1 63 1 65 1 64 1 65 1 66 1 66 1 65 1 67 1 66 1 67 1 68 1 68 1 67 1 69 1 68 1 69 1 70 1 70 1 69 1 71 1 70 1 71 1 72 1 72 1 71 1 73 1 72 1 73 1 74 1 74 1 73 1 75 1 74 1 75 1 76 1 76 1 75 1 77 1 76 1 77 1 78 1 78 1 77 1 79 1 78 1 79 1 80 1 80 1 79 1 81 1 80 1 81 1 82 1 82 1 81 1 83 1 82 1 83 1 84 1 84 1 83 1 85 1 84 1 85 1 86 1 86 1 85 1 87 1 86 1 87 1 88 1 88 1 87 1 89 1 88 1 89 1 90 1 90 1 89 1 91 1 90 1 91 1 92 1 92 1 91 1 93 1 92 1 93 1 94 1 94 1 93 1 95 1 94 1 95 1 48 1 48 1 95 1 49 1 32 2 64 2 30 3 30 3 64 2 66 3 30 3 66 3 28 4 28 4 66 3 68 4 28 4 68 4 26 5 26 5 68 4 70 5 26 5 70 5 24 6 24 6 70 5 72 6 24 6 72 6 22 7 22 7 72 6 74 7 22 7 74 7 20 8 20 8 74 7 76 8 20 8 76 8 18 9 18 9 76 8 78 9 18 9 78 9 16 10 16 10 78 9 80 10 16 10 80 10 14 11 14 11 80 10 82 11 14 11 82 11 12 12 12 12 82 11 84 12 12 12 84 12 10 13 10 13 84 12 86 13 10 13 86 13 8 14 8 14 86 13 88 14 8 14 88 14 6 15 6 15 88 14 90 15 6 15 90 15 4 16 4 16 90 15 92 16 4 16 92 16 2 17 2 17 92 16 94 17 2 17 94 17 0 18 0 18 94 17 48 18 0 18 48 18 46 19 46 19 48 18 50 19 46 19 50 19 44 20 44 20 50 19 52 20 44 20 52 20 42 21 42 21 52 20 54 21 42 21 54 21 40 22 40 22 54 21 56 22 40 22 56 22 38 23 38 23 56 22 58 23 38 23 58 23 36 24 36 24 58 23 60 24 36 24 60 24 34 25 34 25 60 24 62 25 34 25 62 25 32 2 32 2 62 25 64 2</p>
        </triangles>
      </mesh>
    </geometry>
    <geometry id="geometry_60f77cd1_8b3f_4b13_8dfd_f0bf757130ee">
      <mesh>
        <source id="pos_34">
          <float_array id="pos_34-array" count="144">3.69393563 -5.71999979 1.07599998 3.69429016 -5.72269154 0.076 3.69429016 -5.72269154 1.07599998 3.69532895 -5.72520018 0.076 3.69532895 -5.72520018 1.07599998 3.69698191 -5.72735405 0.076 3.69698191 -5.72735405 1.07599998 3.69913578 -5.72900677 0.076 3.69913578 -5.72900677 1.07599998 3.70164394 -5.7300458 0.076 3.70164394 -5.7300458 1.07599998 3.70433569 -5.73040009 0.076 3.70433569 -5.73040009 1.07599998 3.70702744 -5.7300458 0.076 3.70702744 -5.7300458 1.07599998 3.7095356 -5.72900677 0.076 3.7095356 -5.72900677 1.07599998 3.71168971 -5.72735405 0.076 3.71168971 -5.72735405 1.07599998 3.71334243 -5.72520018 0.076 3.71334243 -5.72520018 1.07599998 3.71438122 -5.72269154 0.076 3.71438122 -5.72269154 1.07599998 3.71473575 -5.71999979 0.076 3.71473575 -5.71999979 1.07599998 3.71438122 -5.71730804 0.076 3.71438122 -5.71730804 1.07599998 3.71334243 -5.71479988 0.076 3.71334243 -5.71479988 1.07599998 3.71168971 -5.71264601 0.076 3.71168971 -5.71264601 1.07599998 3.7095356 -5.71099329 0.076 3.7095356 -5.71099329 1.07599998 3.70702744 -5.70995426 0.076 3.70702744 -5.70995426 1.07599998 3.70433569 -5.70959997 0.076 3.70433569 -5.70959997 1.07599998 3.70164394 -5.70995426 0.076 3.70164394 -5.70995426 1.07599998 3.69913578 -5.71099329 0.076 3.69913578 -5.71099329 1.07599998 3.69698191 -5.71264601 0.076 3.69698191 -5.71264601 1.07599998 3.69532895 -5.71479988 0.076 3.69532895 -5.71479988 1.07599998 3.69429016 -5.71730804 0.076 3.69429016 -5.71730804 1.07599998 3.69393563 -5.71999979 0.076</float_array>
          <technique_common>
            <accessor source="#pos_34-array" count="144" stride="3">
              <param name="X" type="float"/>
              <param name="Y" type="float"/>
              <param name="Z" type="float"/>
            </accessor>
          </technique_common>
        </source>
        <source id="norm_34">
          <float_array id="norm_34-array" count="72">-1 0 0 -0.96593 -0.25882 0 -0.86603 -0.5 0 -0.70711 -0.70711 0 -0.5 -0.86603 0 -0.25882 -0.96593 0 -0 -1 0 0.25882 -0.96593 0 0.5 -0.86603 0 0.70711 -0.70711 0 0.86603 -0.5 0 0.96593 -0.25882 0 1 -0 0 0.96593 0.25882 0 0.86603 0.5 0 0.70711 0.70711 0 0.5 0.86603 0 0.25882 0.96593 0 0 1 0 -0.25882 0.96593 0 -0.5 0.86603 0 -0.70711 0.70711 0 -0.86603 0.5 0 -0.96593 0.25882 0</float_array>
          <technique_common>
            <accessor source="#norm_34-array" count="72" stride="3">
              <param name="X" type="float"/>
              <param name="Y" type="float"/>
              <param name="Z" type="float"/>
            </accessor>
          </technique_common>
        </source>
        <vertices id="vert_34">
          <input semantic="POSITION" source="#pos_34"/>
        </vertices>
        <triangles count="48" material="mat_16">
          <input semantic="VERTEX" source="#vert_34" offset="0"/>
          <input semantic="NORMAL" source="#norm_34" offset="1"/>
          <p>0 0 1 1 2 1 2 1 1 1 3 2 2 1 3 2 4 2 4 2 3 2 5 3 4 2 5 3 6 3 6 3 5 3 7 4 6 3 7 4 8 4 8 4 7 4 9 5 8 4 9 5 10 5 10 5 9 5 11 6 10 5 11 6 12 6 12 6 11 6 13 7 12 6 13 7 14 7 14 7 13 7 15 8 14 7 15 8 16 8 16 8 15 8 17 9 16 8 17 9 18 9 18 9 17 9 19 10 18 9 19 10 20 10 20 10 19 10 21 11 20 10 21 11 22 11 22 11 21 11 23 12 22 11 23 12 24 12 24 12 23 12 25 13 24 12 25 13 26 13 26 13 25 13 27 14 26 13 27 14 28 14 28 14 27 14 29 15 28 14 29 15 30 15 30 15 29 15 31 16 30 15 31 16 32 16 32 16 31 16 33 17 32 16 33 17 34 17 34 17 33 17 35 18 34 17 35 18 36 18 36 18 35 18 37 19 36 18 37 19 38 19 38 19 37 19 39 20 38 19 39 20 40 20 40 20 39 20 41 21 40 20 41 21 42 21 42 21 41 21 43 22 42 21 43 22 44 22 44 22 43 22 45 23 44 22 45 23 46 23 46 23 45 23 47 0 46 23 47 0 0 0 0 0 47 0 1 1</p>
        </triangles>
      </mesh>
    </geometry>
    <geometry id="geometry_c0994f3d_5ab3_4f06_b351_6417723201b5">
      <mesh>
        <source id="pos_35">
          <float_array id="pos_35-array" count="288">3.70853567 -5.71272516 0.076 3.7095356 -5.71099329 0.076 3.71027541 -5.71406031 0.076 3.71168971 -5.71264601 0.076 3.71161032 -5.71579981 0.076 3.71334243 -5.71479988 0.076 3.71244955 -5.71782589 0.076 3.71438122 -5.71730804 0.076 3.71273565 -5.71999979 0.076 3.71473575 -5.71999979 0.076 3.71244955 -5.72217417 0.076 3.71438122 -5.72269154 0.076 3.71161032 -5.72419977 0.076 3.71334243 -5.72520018 0.076 3.71027541 -5.72593975 0.076 3.71168971 -5.72735405 0.076 3.70853567 -5.72727442 0.076 3.7095356 -5.72900677 0.076 3.70650983 -5.72811365 0.076 3.70702744 -5.7300458 0.076 3.70433569 -5.72840023 0.076 3.70433569 -5.73040009 0.076 3.70216155 -5.72811365 0.076 3.70164394 -5.7300458 0.076 3.70013571 -5.72727442 0.076 3.69913578 -5.72900677 0.076 3.69839597 -5.72593975 0.076 3.69698191 -5.72735405 0.076 3.69706106 -5.72419977 0.076 3.69532895 -5.72520018 0.076 3.69622183 -5.72217417 0.076 3.69429016 -5.72269154 0.076 3.69593573 -5.71999979 0.076 3.69393563 -5.71999979 0.076 3.69622183 -5.71782589 0.076 3.69429016 -5.71730804 0.076 3.69706106 -5.71579981 0.076 3.69532895 -5.71479988 0.076 3.69839597 -5.71406031 0.076 3.69698191 -5.71264601 0.076 3.70013571 -5.71272516 0.076 3.69913578 -5.71099329 0.076 3.70216155 -5.71188641 0.076 3.70164394 -5.70995426 0.076 3.70433569 -5.71159983 0.076 3.70433569 -5.70959997 0.076 3.70650983 -5.71188641 0.076 3.70702744 -5.70995426 0.076 3.70853567 -5.71272516 1.07599998 3.7095356 -5.71099329 1.07599998 3.70650983 -5.71188641 1.07599998 3.70702744 -5.70995426 1.07599998 3.70433569 -5.71159983 1.07599998 3.70433569 -5.70959997 1.07599998 3.70216155 -5.71188641 1.07599998 3.70164394 -5.70995426 1.07599998 3.70013571 -5.71272516 1.07599998 3.69913578 -5.71099329 1.07599998 3.69839597 -5.71406031 1.07599998 3.69698191 -5.71264601 1.07599998 3.69706106 -5.71579981 1.07599998 3.69532895 -5.71479988 1.07599998 3.69622183 -5.71782589 1.07599998 3.69429016 -5.71730804 1.07599998 3.69593573 -5.71999979 1.07599998 3.69393563 -5.71999979 1.07599998 3.69622183 -5.72217417 1.07599998 3.69429016 -5.72269154 1.07599998 3.69706106 -5.72419977 1.07599998 3.69532895 -5.72520018 1.07599998 3.69839597 -5.72593975 1.07599998 3.69698191 -5.72735405 1.07599998 3.70013571 -5.72727442 1.07599998 3.69913578 -5.72900677 1.07599998 3.70216155 -5.72811365 1.07599998 3.70164394 -5.7300458 1.07599998 3.70433569 -5.72840023 1.07599998 3.70433569 -5.73040009 1.07599998 3.70650983 -5.72811365 1.07599998 3.70702744 -5.7300458 1.07599998 3.70853567 -5.72727442 1.07599998 3.7095356 -5.72900677 1.07599998 3.71027541 -5.72593975 1.07599998 3.71168971 -5.72735405 1.07599998 3.71161032 -5.72419977 1.07599998 3.71334243 -5.72520018 1.07599998 3.71244955 -5.72217417 1.07599998 3.71438122 -5.72269154 1.07599998 3.71273565 -5.71999979 1.07599998 3.71473575 -5.71999979 1.07599998 3.71244955 -5.71782589 1.07599998 3.71438122 -5.71730804 1.07599998 3.71161032 -5.71579981 1.07599998 3.71334243 -5.71479988 1.07599998 3.71027541 -5.71406031 1.07599998 3.71168971 -5.71264601 1.07599998</float_array>
          <technique_common>
            <accessor source="#pos_35-array" count="288" stride="3">
              <param name="X" type="float"/>
              <param name="Y" type="float"/>
              <param name="Z" type="float"/>
            </accessor>
          </technique_common>
        </source>
        <source id="norm_35">
          <float_array id="norm_35-array" count="78">0 0 -1 0 0 1 1 -0 0 0.96593 0.25882 0 0.86603 0.5 0 0.70711 0.70711 0 0.5 0.86603 0 0.25882 0.96593 0 0 1 0 -0.25882 0.96593 0 -0.5 0.86603 0 -0.70711 0.70711 0 -0.86603 0.5 0 -0.96593 0.25882 0 -1 0 0 -0.96593 -0.25882 0 -0.86603 -0.5 0 -0.70711 -0.70711 0 -0.5 -0.86603 0 -0.25882 -0.96593 0 -0 -1 0 0.25882 -0.96593 0 0.5 -0.86603 0 0.70711 -0.70711 0 0.86603 -0.5 0 0.96593 -0.25882 0</float_array>
          <technique_common>
            <accessor source="#norm_35-array" count="78" stride="3">
              <param name="X" type="float"/>
              <param name="Y" type="float"/>
              <param name="Z" type="float"/>
            </accessor>
          </technique_common>
        </source>
        <vertices id="vert_35">
          <input semantic="POSITION" source="#pos_35"/>
        </vertices>
        <triangles count="144" material="mat_3">
          <input semantic="VERTEX" source="#vert_35" offset="0"/>
          <input semantic="NORMAL" source="#norm_35" offset="1"/>
          <p>0 0 1 0 2 0 2 0 1 0 3 0 2 0 3 0 4 0 4 0 3 0 5 0 4 0 5 0 6 0 6 0 5 0 7 0 6 0 7 0 8 0 8 0 7 0 9 0 8 0 9 0 10 0 10 0 9 0 11 0 10 0 11 0 12 0 12 0 11 0 13 0 12 0 13 0 14 0 14 0 13 0 15 0 14 0 15 0 16 0 16 0 15 0 17 0 16 0 17 0 18 0 18 0 17 0 19 0 18 0 19 0 20 0 20 0 19 0 21 0 20 0 21 0 22 0 22 0 21 0 23 0 22 0 23 0 24 0 24 0 23 0 25 0 24 0 25 0 26 0 26 0 25 0 27 0 26 0 27 0 28 0 28 0 27 0 29 0 28 0 29 0 30 0 30 0 29 0 31 0 30 0 31 0 32 0 32 0 31 0 33 0 32 0 33 0 34 0 34 0 33 0 35 0 34 0 35 0 36 0 36 0 35 0 37 0 36 0 37 0 38 0 38 0 37 0 39 0 38 0 39 0 40 0 40 0 39 0 41 0 40 0 41 0 42 0 42 0 41 0 43 0 42 0 43 0 44 0 44 0 43 0 45 0 44 0 45 0 46 0 46 0 45 0 47 0 46 0 47 0 0 0 0 0 47 0 1 0 48 1 49 1 50 1 50 1 49 1 51 1 50 1 51 1 52 1 52 1 51 1 53 1 52 1 53 1 54 1 54 1 53 1 55 1 54 1 55 1 56 1 56 1 55 1 57 1 56 1 57 1 58 1 58 1 57 1 59 1 58 1 59 1 60 1 60 1 59 1 61 1 60 1 61 1 62 1 62 1 61 1 63 1 62 1 63 1 64 1 64 1 63 1 65 1 64 1 65 1 66 1 66 1 65 1 67 1 66 1 67 1 68 1 68 1 67 1 69 1 68 1 69 1 70 1 70 1 69 1 71 1 70 1 71 1 72 1 72 1 71 1 73 1 72 1 73 1 74 1 74 1 73 1 75 1 74 1 75 1 76 1 76 1 75 1 77 1 76 1 77 1 78 1 78 1 77 1 79 1 78 1 79 1 80 1 80 1 79 1 81 1 80 1 81 1 82 1 82 1 81 1 83 1 82 1 83 1 84 1 84 1 83 1 85 1 84 1 85 1 86 1 86 1 85 1 87 1 86 1 87 1 88 1 88 1 87 1 89 1 88 1 89 1 90 1 90 1 89 1 91 1 90 1 91 1 92 1 92 1 91 1 93 1 92 1 93 1 94 1 94 1 93 1 95 1 94 1 95 1 48 1 48 1 95 1 49 1 32 2 64 2 30 3 30 3 64 2 66 3 30 3 66 3 28 4 28 4 66 3 68 4 28 4 68 4 26 5 26 5 68 4 70 5 26 5 70 5 24 6 24 6 70 5 72 6 24 6 72 6 22 7 22 7 72 6 74 7 22 7 74 7 20 8 20 8 74 7 76 8 20 8 76 8 18 9 18 9 76 8 78 9 18 9 78 9 16 10 16 10 78 9 80 10 16 10 80 10 14 11 14 11 80 10 82 11 14 11 82 11 12 12 12 12 82 11 84 12 12 12 84 12 10 13 10 13 84 12 86 13 10 13 86 13 8 14 8 14 86 13 88 14 8 14 88 14 6 15 6 15 88 14 90 15 6 15 90 15 4 16 4 16 90 15 92 16 4 16 92 16 2 17 2 17 92 16 94 17 2 17 94 17 0 18 0 18 94 17 48 18 0 18 48 18 46 19 46 19 48 18 50 19 46 19 50 19 44 20 44 20 50 19 52 20 44 20 52 20 42 21 42 21 52 20 54 21 42 21 54 21 40 22 40 22 54 21 56 22 40 22 56 22 38 23 38 23 56 22 58 23 38 23 58 23 36 24 36 24 58 23 60 24 36 24 60 24 34 25 34 25 60 24 62 25 34 25 62 25 32 2 32 2 62 25 64 2</p>
        </triangles>
      </mesh>
    </geometry>
    <geometry id="geometry_35eb0974_5d83_475a_8317_f3f829d83ec5">
      <mesh>
        <source id="pos_36">
          <float_array id="pos_36-array" count="720">3.30110049 -5.7079258 0.081 3.30433559 -5.70749998 0.081 3.11317444 -5.71116114 0.081 3.71317458 -5.72883892 0.081 3.80433559 -5.73999977 0.081 3.71516109 -5.72625017 0.081 3.71640968 -5.72323513 0.081 3.29351044 -5.71374989 0.081 3.29549694 -5.71116114 0.081 3.11640978 -5.71676493 0.081 3.71058559 -5.73082542 0.081 3.70757103 -5.73207426 0.081 3.70433569 -5.73250008 0.081 3.51317453 -5.72883892 0.081 3.51058578 -5.73082542 0.081 3.31317449 -5.72883892 0.081 3.31058574 -5.73082542 0.081 3.09808564 -5.73082542 0.081 3.09549689 -5.72883892 0.081 3.00433564 -5.73999977 0.081 3.09351039 -5.72625017 0.081 3.09226155 -5.72323513 0.081 3.00433564 -5.71999979 0.081 3.09183574 -5.71999979 0.081 3.00471997 -5.71609831 0.081 3.00585818 -5.71234655 0.081 3.09226155 -5.71676493 0.081 3.09351039 -5.71374989 0.081 3.02433562 -5.69999981 0.081 3.09549689 -5.71116114 0.081 3.09808564 -5.70917463 0.081 3.49351048 -5.71374989 0.081 3.49549675 -5.71116114 0.081 3.31640983 -5.71676493 0.081 3.11640978 -5.72323513 0.081 3.30433559 -5.73250008 0.081 3.11683559 -5.71999979 0.081 3.30110049 -5.73207426 0.081 3.11516094 -5.71374989 0.081 3.11516094 -5.72625017 0.081 3.11317444 -5.72883892 0.081 3.11058569 -5.73082542 0.081 3.01668215 -5.70152235 0.081 3.01322436 -5.70337057 0.081 3.50110054 -5.73207426 0.081 3.31683564 -5.71999979 0.081 3.50433564 -5.73250008 0.081 3.31640983 -5.72323513 0.081 3.31516099 -5.72625017 0.081 3.29808569 -5.70917463 0.081 3.29808569 -5.73082542 0.081 3.29549694 -5.72883892 0.081 3.29351044 -5.72625017 0.081 3.50757098 -5.73207426 0.081 3.30757093 -5.7079258 0.081 3.78433561 -5.69999981 0.081 3.31058574 -5.70917463 0.081 3.31317449 -5.71116114 0.081 3.49808574 -5.73082542 0.081 3.49549675 -5.72883892 0.081 3.49351048 -5.72625017 0.081 3.49808574 -5.70917463 0.081 3.31516099 -5.71374989 0.081 3.51058578 -5.70917463 0.081 3.51317453 -5.71116114 0.081 3.69351029 -5.71374989 0.081 3.6954968 -5.71116114 0.081 3.51640987 -5.71676493 0.081 3.30757093 -5.73207426 0.081 3.10757089 -5.73207426 0.081 3.10433578 -5.73250008 0.081 3.10110044 -5.73207426 0.081 3.0204339 -5.70038414 0.081 3.01019359 -5.70585775 0.081 3.0077064 -5.70888853 0.081 3.10110044 -5.7079258 0.081 3.10433578 -5.70749998 0.081 3.10757089 -5.7079258 0.081 3.11058569 -5.70917463 0.081 3.70110035 -5.73207426 0.081 3.51683569 -5.71999979 0.081 3.51640987 -5.72323513 0.081 3.51516104 -5.72625017 0.081 3.71058559 -5.70917463 0.081 3.71317458 -5.71116114 0.081 3.2922616 -5.72323513 0.081 3.29183578 -5.71999979 0.081 3.2922616 -5.71676493 0.081 3.49226165 -5.72323513 0.081 3.49183559 -5.71999979 0.081 3.49226165 -5.71676493 0.081 3.50110054 -5.7079258 0.081 3.50433564 -5.70749998 0.081 3.50757098 -5.7079258 0.081 3.69808578 -5.73082542 0.081 3.6954968 -5.72883892 0.081 3.69351029 -5.72625017 0.081 3.69808578 -5.70917463 0.081 3.51516104 -5.71374989 0.081 3.8039515 -5.71609831 0.081 3.80281329 -5.71234655 0.081 3.71683574 -5.71999979 0.081 3.6922617 -5.72323513 0.081 3.69183564 -5.71999979 0.081 3.6922617 -5.71676493 0.081 3.70110035 -5.7079258 0.081 3.70433569 -5.70749998 0.081 3.70757103 -5.7079258 0.081 3.80433559 -5.71999979 0.081 3.80096507 -5.70888853 0.081 3.79847789 -5.70585775 0.081 3.79544711 -5.70337057 0.081 3.71516109 -5.71374989 0.081 3.71640968 -5.71676493 0.081 3.78823757 -5.70038414 0.081 3.79198933 -5.70152235 0.081 3.80433559 -5.71999979 0.073 3.80433559 -5.73199987 0.073 3.80433559 -5.73199987 0.041 3.80433559 -5.73999977 0.041 3.00433564 -5.73999977 0.041 3.00433564 -5.73199987 0.041 3.00433564 -5.73199987 0.073 3.00433564 -5.71999979 0.073 3.02433562 -5.69999981 0.073 3.0204339 -5.70038414 0.073 3.01668215 -5.70152235 0.073 3.01322436 -5.70337057 0.073 3.01019359 -5.70585775 0.073 3.0077064 -5.70888853 0.073 3.00585818 -5.71234655 0.073 3.00471997 -5.71609831 0.073 3.78433561 -5.69999981 0.073 3.8039515 -5.71609831 0.073 3.80281329 -5.71234655 0.073 3.80096507 -5.70888853 0.073 3.79847789 -5.70585775 0.073 3.79544711 -5.70337057 0.073 3.79198933 -5.70152235 0.073 3.78823757 -5.70038414 0.073 3.11516094 -5.72625017 0.076 3.11640978 -5.72323513 0.076 3.10433578 -5.71999979 0.076 3.11683559 -5.71999979 0.076 3.11640978 -5.71676493 0.076 3.10757089 -5.73207426 0.076 3.11058569 -5.73082542 0.076 3.11317444 -5.72883892 0.076 3.09808564 -5.73082542 0.076 3.10110044 -5.73207426 0.076 3.10433578 -5.73250008 0.076 3.09226155 -5.72323513 0.076 3.09351039 -5.72625017 0.076 3.09549689 -5.72883892 0.076 3.09351039 -5.71374989 0.076 3.09226155 -5.71676493 0.076 3.09183574 -5.71999979 0.076 3.10110044 -5.7079258 0.076 3.09808564 -5.70917463 0.076 3.09549689 -5.71116114 0.076 3.11058569 -5.70917463 0.076 3.10757089 -5.7079258 0.076 3.10433578 -5.70749998 0.076 3.11516094 -5.71374989 0.076 3.11317444 -5.71116114 0.076 3.71516109 -5.72625017 0.076 3.71640968 -5.72323513 0.076 3.70433569 -5.71999979 0.076 3.71683574 -5.71999979 0.076 3.71640968 -5.71676493 0.076 3.70757103 -5.73207426 0.076 3.71058559 -5.73082542 0.076 3.71317458 -5.72883892 0.076 3.69808578 -5.73082542 0.076 3.70110035 -5.73207426 0.076 3.70433569 -5.73250008 0.076 3.6922617 -5.72323513 0.076 3.69351029 -5.72625017 0.076 3.6954968 -5.72883892 0.076 3.69351029 -5.71374989 0.076 3.6922617 -5.71676493 0.076 3.69183564 -5.71999979 0.076 3.70110035 -5.7079258 0.076 3.69808578 -5.70917463 0.076 3.6954968 -5.71116114 0.076 3.71058559 -5.70917463 0.076 3.70757103 -5.7079258 0.076 3.70433569 -5.70749998 0.076 3.71516109 -5.71374989 0.076 3.71317458 -5.71116114 0.076 3.31516099 -5.72625017 0.076 3.31640983 -5.72323513 0.076 3.30433559 -5.71999979 0.076 3.31683564 -5.71999979 0.076 3.31640983 -5.71676493 0.076 3.30757093 -5.73207426 0.076 3.31058574 -5.73082542 0.076 3.31317449 -5.72883892 0.076 3.29808569 -5.73082542 0.076 3.30110049 -5.73207426 0.076 3.30433559 -5.73250008 0.076 3.2922616 -5.72323513 0.076 3.29351044 -5.72625017 0.076 3.29549694 -5.72883892 0.076 3.29351044 -5.71374989 0.076 3.2922616 -5.71676493 0.076 3.29183578 -5.71999979 0.076 3.30110049 -5.7079258 0.076 3.29808569 -5.70917463 0.076 3.29549694 -5.71116114 0.076 3.31058574 -5.70917463 0.076 3.30757093 -5.7079258 0.076 3.30433559 -5.70749998 0.076 3.31516099 -5.71374989 0.076 3.31317449 -5.71116114 0.076 3.51516104 -5.72625017 0.076 3.51640987 -5.72323513 0.076 3.50433564 -5.71999979 0.076 3.51683569 -5.71999979 0.076 3.51640987 -5.71676493 0.076 3.50757098 -5.73207426 0.076 3.51058578 -5.73082542 0.076 3.51317453 -5.72883892 0.076 3.49808574 -5.73082542 0.076 3.50110054 -5.73207426 0.076 3.50433564 -5.73250008 0.076 3.49226165 -5.72323513 0.076 3.49351048 -5.72625017 0.076 3.49549675 -5.72883892 0.076 3.49351048 -5.71374989 0.076 3.49226165 -5.71676493 0.076 3.49183559 -5.71999979 0.076 3.50110054 -5.7079258 0.076 3.49808574 -5.70917463 0.076 3.49549675 -5.71116114 0.076 3.51058578 -5.70917463 0.076 3.50757098 -5.7079258 0.076 3.50433564 -5.70749998 0.076 3.51516104 -5.71374989 0.076 3.51317453 -5.71116114 0.076</float_array>
          <technique_common>
            <accessor source="#pos_36-array" count="720" stride="3">
              <param name="X" type="float"/>
              <param name="Y" type="float"/>
              <param name="Z" type="float"/>
            </accessor>
          </technique_common>
        </source>
        <source id="norm_36">
          <float_array id="norm_36-array" count="135">0 0 1 1 -0 0 0 -1 0 -1 0 0 -0 1 0 -0.19509 0.98079 0 -0.38268 0.92388 0 -0.55557 0.83147 0 -0.70711 0.70711 0 -0.83147 0.55557 0 -0.92388 0.38268 0 -0.98079 0.19509 0 -1 -0 0 -0 1 0 1 0 0 0.98079 0.19509 0 0.92388 0.38268 0 0.83147 0.55557 0 0.70711 0.70711 0 0.55557 0.83147 0 0.38268 0.92388 0 0.19509 0.98079 0 -0 1 0 0.96593 -0.25882 0 0.86603 -0.5 0 0.70711 -0.70711 0 0.5 -0.86603 0 0.25882 -0.96593 0 0 -1 0 -0.25882 -0.96593 0 -0.5 -0.86603 0 -0.70711 -0.70711 0 -0.86603 -0.5 0 -0.96593 -0.25882 0 -1 -0 0 -0.96593 0.25882 0 -0.86603 0.5 0 -0.5 0.86603 0 -0.25882 0.96593 0 0.25882 0.96593 0 0.5 0.86603 0 0.86603 0.5 0 0.96593 0.25882 0 0 0 -1 0 1 0</float_array>
          <technique_common>
            <accessor source="#norm_36-array" count="135" stride="3">
              <param name="X" type="float"/>
              <param name="Y" type="float"/>
              <param name="Z" type="float"/>
            </accessor>
          </technique_common>
        </source>
        <vertices id="vert_36">
          <input semantic="POSITION" source="#pos_36"/>
        </vertices>
        <triangles count="476" material="mat_9">
          <input semantic="VERTEX" source="#vert_36" offset="0"/>
          <input semantic="NORMAL" source="#norm_36" offset="1"/>
          <p>0 0 1 0 2 0 3 0 4 0 5 0 5 0 4 0 6 0 7 0 8 0 9 0 3 0 10 0 4 0 4 0 10 0 11 0 4 0 11 0 12 0 4 0 13 0 14 0 4 0 15 0 16 0 17 0 18 0 19 0 18 0 20 0 19 0 19 0 20 0 21 0 19 0 21 0 22 0 22 0 21 0 23 0 22 0 23 0 24 0 24 0 23 0 25 0 26 0 27 0 28 0 28 0 27 0 29 0 28 0 29 0 30 0 31 0 32 0 33 0 34 0 35 0 36 0 36 0 35 0 37 0 9 0 8 0 38 0 34 0 39 0 35 0 35 0 39 0 40 0 35 0 40 0 41 0 42 0 43 0 23 0 44 0 45 0 46 0 46 0 45 0 47 0 46 0 47 0 48 0 38 0 8 0 2 0 2 0 8 0 49 0 2 0 49 0 0 0 37 0 50 0 36 0 36 0 50 0 51 0 36 0 51 0 52 0 48 0 15 0 46 0 46 0 15 0 4 0 46 0 4 0 53 0 53 0 4 0 14 0 1 0 54 0 55 0 55 0 54 0 56 0 55 0 56 0 57 0 44 0 58 0 45 0 45 0 58 0 59 0 45 0 59 0 60 0 61 0 57 0 32 0 32 0 57 0 62 0 32 0 62 0 33 0 63 0 64 0 55 0 65 0 66 0 67 0 16 0 68 0 4 0 4 0 68 0 35 0 4 0 35 0 19 0 41 0 69 0 35 0 35 0 69 0 70 0 35 0 70 0 19 0 19 0 70 0 71 0 19 0 71 0 17 0 26 0 28 0 23 0 23 0 28 0 72 0 23 0 72 0 42 0 43 0 73 0 23 0 23 0 73 0 74 0 23 0 74 0 25 0 30 0 75 0 28 0 28 0 75 0 76 0 28 0 76 0 55 0 55 0 76 0 77 0 55 0 77 0 1 0 1 0 77 0 78 0 1 0 78 0 2 0 79 0 80 0 12 0 12 0 80 0 81 0 12 0 81 0 4 0 4 0 81 0 82 0 4 0 82 0 13 0 83 0 84 0 55 0 52 0 85 0 36 0 36 0 85 0 86 0 36 0 86 0 9 0 9 0 86 0 87 0 9 0 87 0 7 0 60 0 88 0 45 0 45 0 88 0 89 0 45 0 89 0 33 0 33 0 89 0 90 0 33 0 90 0 31 0 61 0 91 0 57 0 57 0 91 0 92 0 57 0 92 0 55 0 55 0 92 0 93 0 55 0 93 0 63 0 79 0 94 0 80 0 80 0 94 0 95 0 80 0 95 0 96 0 97 0 64 0 66 0 66 0 64 0 98 0 66 0 98 0 67 0 99 0 100 0 101 0 96 0 102 0 80 0 80 0 102 0 103 0 80 0 103 0 67 0 67 0 103 0 104 0 67 0 104 0 65 0 97 0 105 0 64 0 64 0 105 0 106 0 64 0 106 0 55 0 55 0 106 0 107 0 55 0 107 0 83 0 6 0 4 0 101 0 101 0 4 0 108 0 101 0 108 0 99 0 100 0 109 0 101 0 101 0 109 0 110 0 101 0 110 0 111 0 84 0 112 0 55 0 55 0 112 0 113 0 55 0 113 0 114 0 114 0 113 0 101 0 114 0 101 0 115 0 115 0 101 0 111 0 116 1 108 1 117 1 117 1 108 1 4 1 117 1 4 1 118 1 118 1 4 1 119 1 120 2 119 2 19 2 19 2 119 2 4 2 121 3 120 3 122 3 122 3 120 3 19 3 122 3 19 3 123 3 123 3 19 3 22 3 28 4 124 4 125 5 28 4 125 5 72 5 72 5 125 5 126 6 72 5 126 6 42 6 42 6 126 6 127 7 42 6 127 7 43 7 43 7 127 7 128 8 43 7 128 8 73 8 73 8 128 8 129 9 73 8 129 9 74 9 74 9 129 9 130 10 74 9 130 10 25 10 25 10 130 10 131 11 25 10 131 11 24 11 24 11 131 11 123 12 24 11 123 12 22 12 132 13 124 13 55 13 55 13 124 13 28 13 108 14 116 14 133 15 108 14 133 15 99 15 99 15 133 15 134 16 99 15 134 16 100 16 100 16 134 16 135 17 100 16 135 17 109 17 109 17 135 17 136 18 109 17 136 18 110 18 110 18 136 18 137 19 110 18 137 19 111 19 111 19 137 19 138 20 111 19 138 20 115 20 115 20 138 20 139 21 115 20 139 21 114 21 114 21 139 21 132 22 114 21 132 22 55 22 140 0 141 0 142 0 142 0 141 0 143 0 142 0 143 0 144 0 145 0 146 0 142 0 142 0 146 0 147 0 142 0 147 0 140 0 148 0 149 0 142 0 142 0 149 0 150 0 142 0 150 0 145 0 151 0 152 0 142 0 142 0 152 0 153 0 142 0 153 0 148 0 154 0 155 0 142 0 142 0 155 0 156 0 142 0 156 0 151 0 157 0 158 0 142 0 142 0 158 0 159 0 142 0 159 0 154 0 160 0 161 0 142 0 142 0 161 0 162 0 142 0 162 0 157 0 144 0 163 0 142 0 142 0 163 0 164 0 142 0 164 0 160 0 23 14 156 14 26 23 26 23 156 14 155 23 26 23 155 23 27 24 27 24 155 23 154 24 27 24 154 24 29 25 29 25 154 24 159 25 29 25 159 25 30 26 30 26 159 25 158 26 30 26 158 26 75 27 75 27 158 26 157 27 75 27 157 27 76 28 76 28 157 27 162 28 76 28 162 28 77 29 77 29 162 28 161 29 77 29 161 29 78 30 78 30 161 29 160 30 78 30 160 30 2 31 2 31 160 30 164 31 2 31 164 31 38 32 38 32 164 31 163 32 38 32 163 32 9 33 9 33 163 32 144 33 9 33 144 33 36 34 36 34 144 33 143 34 36 34 143 34 34 35 34 35 143 34 141 35 34 35 141 35 39 36 39 36 141 35 140 36 39 36 140 36 40 8 40 8 140 36 147 8 40 8 147 8 41 37 41 37 147 8 146 37 41 37 146 37 69 38 69 38 146 37 145 38 69 38 145 38 70 22 70 22 145 38 150 22 70 22 150 22 71 39 71 39 150 22 149 39 71 39 149 39 17 40 17 40 149 39 148 40 17 40 148 40 18 18 18 18 148 40 153 18 18 18 153 18 20 41 20 41 153 18 152 41 20 41 152 41 21 42 21 42 152 41 151 42 21 42 151 42 23 14 23 14 151 42 156 14 165 0 166 0 167 0 167 0 166 0 168 0 167 0 168 0 169 0 170 0 171 0 167 0 167 0 171 0 172 0 167 0 172 0 165 0 173 0 174 0 167 0 167 0 174 0 175 0 167 0 175 0 170 0 176 0 177 0 167 0 167 0 177 0 178 0 167 0 178 0 173 0 179 0 180 0 167 0 167 0 180 0 181 0 167 0 181 0 176 0 182 0 183 0 167 0 167 0 183 0 184 0 167 0 184 0 179 0 185 0 186 0 167 0 167 0 186 0 187 0 167 0 187 0 182 0 169 0 188 0 167 0 167 0 188 0 189 0 167 0 189 0 185 0 103 14 181 14 104 23 104 23 181 14 180 23 104 23 180 23 65 24 65 24 180 23 179 24 65 24 179 24 66 25 66 25 179 24 184 25 66 25 184 25 97 26 97 26 184 25 183 26 97 26 183 26 105 27 105 27 183 26 182 27 105 27 182 27 106 28 106 28 182 27 187 28 106 28 187 28 107 29 107 29 187 28 186 29 107 29 186 29 83 30 83 30 186 29 185 30 83 30 185 30 84 31 84 31 185 30 189 31 84 31 189 31 112 32 112 32 189 31 188 32 112 32 188 32 113 33 113 33 188 32 169 33 113 33 169 33 101 34 101 34 169 33 168 34 101 34 168 34 6 35 6 35 168 34 166 35 6 35 166 35 5 36 5 36 166 35 165 36 5 36 165 36 3 8 3 8 165 36 172 8 3 8 172 8 10 37 10 37 172 8 171 37 10 37 171 37 11 38 11 38 171 37 170 38 11 38 170 38 12 22 12 22 170 38 175 22 12 22 175 22 79 39 79 39 175 22 174 39 79 39 174 39 94 40 94 40 174 39 173 40 94 40 173 40 95 18 95 18 173 40 178 18 95 18 178 18 96 41 96 41 178 18 177 41 96 41 177 41 102 42 102 42 177 41 176 42 102 42 176 42 103 14 103 14 176 42 181 14 190 0 191 0 192 0 192 0 191 0 193 0 192 0 193 0 194 0 195 0 196 0 192 0 192 0 196 0 197 0 192 0 197 0 190 0 198 0 199 0 192 0 192 0 199 0 200 0 192 0 200 0 195 0 201 0 202 0 192 0 192 0 202 0 203 0 192 0 203 0 198 0 204 0 205 0 192 0 192 0 205 0 206 0 192 0 206 0 201 0 207 0 208 0 192 0 192 0 208 0 209 0 192 0 209 0 204 0 210 0 211 0 192 0 192 0 211 0 212 0 192 0 212 0 207 0 194 0 213 0 192 0 192 0 213 0 214 0 192 0 214 0 210 0 86 14 206 14 87 23 87 23 206 14 205 23 87 23 205 23 7 24 7 24 205 23 204 24 7 24 204 24 8 25 8 25 204 24 209 25 8 25 209 25 49 26 49 26 209 25 208 26 49 26 208 26 0 27 0 27 208 26 207 27 0 27 207 27 1 28 1 28 207 27 212 28 1 28 212 28 54 29 54 29 212 28 211 29 54 29 211 29 56 30 56 30 211 29 210 30 56 30 210 30 57 31 57 31 210 30 214 31 57 31 214 31 62 32 62 32 214 31 213 32 62 32 213 32 33 33 33 33 213 32 194 33 33 33 194 33 45 34 45 34 194 33 193 34 45 34 193 34 47 35 47 35 193 34 191 35 47 35 191 35 48 36 48 36 191 35 190 36 48 36 190 36 15 8 15 8 190 36 197 8 15 8 197 8 16 37 16 37 197 8 196 37 16 37 196 37 68 38 68 38 196 37 195 38 68 38 195 38 35 22 35 22 195 38 200 22 35 22 200 22 37 39 37 39 200 22 199 39 37 39 199 39 50 40 50 40 199 39 198 40 50 40 198 40 51 18 51 18 198 40 203 18 51 18 203 18 52 41 52 41 203 18 202 41 52 41 202 41 85 42 85 42 202 41 201 42 85 42 201 42 86 14 86 14 201 42 206 14 215 0 216 0 217 0 217 0 216 0 218 0 217 0 218 0 219 0 220 0 221 0 217 0 217 0 221 0 222 0 217 0 222 0 215 0 223 0 224 0 217 0 217 0 224 0 225 0 217 0 225 0 220 0 226 0 227 0 217 0 217 0 227 0 228 0 217 0 228 0 223 0 229 0 230 0 217 0 217 0 230 0 231 0 217 0 231 0 226 0 232 0 233 0 217 0 217 0 233 0 234 0 217 0 234 0 229 0 235 0 236 0 217 0 217 0 236 0 237 0 217 0 237 0 232 0 219 0 238 0 217 0 217 0 238 0 239 0 217 0 239 0 235 0 89 14 231 14 90 23 90 23 231 14 230 23 90 23 230 23 31 24 31 24 230 23 229 24 31 24 229 24 32 25 32 25 229 24 234 25 32 25 234 25 61 26 61 26 234 25 233 26 61 26 233 26 91 27 91 27 233 26 232 27 91 27 232 27 92 28 92 28 232 27 237 28 92 28 237 28 93 29 93 29 237 28 236 29 93 29 236 29 63 30 63 30 236 29 235 30 63 30 235 30 64 31 64 31 235 30 239 31 64 31 239 31 98 32 98 32 239 31 238 32 98 32 238 32 67 33 67 33 238 32 219 33 67 33 219 33 80 34 80 34 219 33 218 34 80 34 218 34 81 35 81 35 218 34 216 35 81 35 216 35 82 36 82 36 216 35 215 36 82 36 215 36 13 8 13 8 215 36 222 8 13 8 222 8 14 37 14 37 222 8 221 37 14 37 221 37 53 38 53 38 221 37 220 38 53 38 220 38 46 22 46 22 220 38 225 22 46 22 225 22 44 39 44 39 225 22 224 39 44 39 224 39 58 40 58 40 224 39 223 40 58 40 223 40 59 18 59 18 223 40 228 18 59 18 228 18 60 41 60 41 228 18 227 41 60 41 227 41 88 42 88 42 227 41 226 42 88 42 226 42 89 14 89 14 226 42 231 14 116 43 117 43 123 43 123 43 117 43 122 43 138 43 137 43 136 43 132 43 135 43 134 43 134 43 133 43 132 43 132 43 133 43 116 43 132 43 116 43 124 43 124 43 116 43 123 43 124 43 123 43 125 43 135 43 132 43 136 43 136 43 132 43 139 43 136 43 139 43 138 43 131 43 127 43 123 43 123 43 127 43 126 43 123 43 126 43 125 43 131 43 130 43 127 43 127 43 130 43 129 43 127 43 129 43 128 43 118 43 119 43 121 43 121 43 119 43 120 43 117 44 118 44 122 44 122 44 118 44 121 44</p>
        </triangles>
      </mesh>
    </geometry>
    <geometry id="geometry_3233c7f6_5acc_4672_b4df_453ed59e5954">
      <mesh>
        <source id="pos_37">
          <float_array id="pos_37-array" count="144">3.69393563 -5.71999979 1.07599998 3.69429016 -5.72269154 0.076 3.69429016 -5.72269154 1.07599998 3.69532895 -5.72520018 0.076 3.69532895 -5.72520018 1.07599998 3.69698191 -5.72735405 0.076 3.69698191 -5.72735405 1.07599998 3.69913578 -5.72900677 0.076 3.69913578 -5.72900677 1.07599998 3.70164394 -5.7300458 0.076 3.70164394 -5.7300458 1.07599998 3.70433569 -5.73040009 0.076 3.70433569 -5.73040009 1.07599998 3.70702744 -5.7300458 0.076 3.70702744 -5.7300458 1.07599998 3.7095356 -5.72900677 0.076 3.7095356 -5.72900677 1.07599998 3.71168971 -5.72735405 0.076 3.71168971 -5.72735405 1.07599998 3.71334243 -5.72520018 0.076 3.71334243 -5.72520018 1.07599998 3.71438122 -5.72269154 0.076 3.71438122 -5.72269154 1.07599998 3.71473575 -5.71999979 0.076 3.71473575 -5.71999979 1.07599998 3.71438122 -5.71730804 0.076 3.71438122 -5.71730804 1.07599998 3.71334243 -5.71479988 0.076 3.71334243 -5.71479988 1.07599998 3.71168971 -5.71264601 0.076 3.71168971 -5.71264601 1.07599998 3.7095356 -5.71099329 0.076 3.7095356 -5.71099329 1.07599998 3.70702744 -5.70995426 0.076 3.70702744 -5.70995426 1.07599998 3.70433569 -5.70959997 0.076 3.70433569 -5.70959997 1.07599998 3.70164394 -5.70995426 0.076 3.70164394 -5.70995426 1.07599998 3.69913578 -5.71099329 0.076 3.69913578 -5.71099329 1.07599998 3.69698191 -5.71264601 0.076 3.69698191 -5.71264601 1.07599998 3.69532895 -5.71479988 0.076 3.69532895 -5.71479988 1.07599998 3.69429016 -5.71730804 0.076 3.69429016 -5.71730804 1.07599998 3.69393563 -5.71999979 0.076</float_array>
          <technique_common>
            <accessor source="#pos_37-array" count="144" stride="3">
              <param name="X" type="float"/>
              <param name="Y" type="float"/>
              <param name="Z" type="float"/>
            </accessor>
          </technique_common>
        </source>
        <source id="norm_37">
          <float_array id="norm_37-array" count="72">-1 0 0 -0.96593 -0.25882 0 -0.86603 -0.5 0 -0.70711 -0.70711 0 -0.5 -0.86603 0 -0.25882 -0.96593 0 -0 -1 0 0.25882 -0.96593 0 0.5 -0.86603 0 0.70711 -0.70711 0 0.86603 -0.5 0 0.96593 -0.25882 0 1 -0 0 0.96593 0.25882 0 0.86603 0.5 0 0.70711 0.70711 0 0.5 0.86603 0 0.25882 0.96593 0 0 1 0 -0.25882 0.96593 0 -0.5 0.86603 0 -0.70711 0.70711 0 -0.86603 0.5 0 -0.96593 0.25882 0</float_array>
          <technique_common>
            <accessor source="#norm_37-array" count="72" stride="3">
              <param name="X" type="float"/>
              <param name="Y" type="float"/>
              <param name="Z" type="float"/>
            </accessor>
          </technique_common>
        </source>
        <vertices id="vert_37">
          <input semantic="POSITION" source="#pos_37"/>
        </vertices>
        <triangles count="48" material="mat_16">
          <input semantic="VERTEX" source="#vert_37" offset="0"/>
          <input semantic="NORMAL" source="#norm_37" offset="1"/>
          <p>0 0 1 1 2 1 2 1 1 1 3 2 2 1 3 2 4 2 4 2 3 2 5 3 4 2 5 3 6 3 6 3 5 3 7 4 6 3 7 4 8 4 8 4 7 4 9 5 8 4 9 5 10 5 10 5 9 5 11 6 10 5 11 6 12 6 12 6 11 6 13 7 12 6 13 7 14 7 14 7 13 7 15 8 14 7 15 8 16 8 16 8 15 8 17 9 16 8 17 9 18 9 18 9 17 9 19 10 18 9 19 10 20 10 20 10 19 10 21 11 20 10 21 11 22 11 22 11 21 11 23 12 22 11 23 12 24 12 24 12 23 12 25 13 24 12 25 13 26 13 26 13 25 13 27 14 26 13 27 14 28 14 28 14 27 14 29 15 28 14 29 15 30 15 30 15 29 15 31 16 30 15 31 16 32 16 32 16 31 16 33 17 32 16 33 17 34 17 34 17 33 17 35 18 34 17 35 18 36 18 36 18 35 18 37 19 36 18 37 19 38 19 38 19 37 19 39 20 38 19 39 20 40 20 40 20 39 20 41 21 40 20 41 21 42 21 42 21 41 21 43 22 42 21 43 22 44 22 44 22 43 22 45 23 44 22 45 23 46 23 46 23 45 23 47 0 46 23 47 0 0 0 0 0 47 0 1 1</p>
        </triangles>
      </mesh>
    </geometry>
    <geometry id="geometry_e1645242_2dc9_4037_a3d4_f5ac7e13bf52">
      <mesh>
        <source id="pos_38">
          <float_array id="pos_38-array" count="288">3.70853567 -5.71272516 0.076 3.7095356 -5.71099329 0.076 3.71027541 -5.71406031 0.076 3.71168971 -5.71264601 0.076 3.71161032 -5.71579981 0.076 3.71334243 -5.71479988 0.076 3.71244955 -5.71782589 0.076 3.71438122 -5.71730804 0.076 3.71273565 -5.71999979 0.076 3.71473575 -5.71999979 0.076 3.71244955 -5.72217417 0.076 3.71438122 -5.72269154 0.076 3.71161032 -5.72419977 0.076 3.71334243 -5.72520018 0.076 3.71027541 -5.72593975 0.076 3.71168971 -5.72735405 0.076 3.70853567 -5.72727442 0.076 3.7095356 -5.72900677 0.076 3.70650983 -5.72811365 0.076 3.70702744 -5.7300458 0.076 3.70433569 -5.72840023 0.076 3.70433569 -5.73040009 0.076 3.70216155 -5.72811365 0.076 3.70164394 -5.7300458 0.076 3.70013571 -5.72727442 0.076 3.69913578 -5.72900677 0.076 3.69839597 -5.72593975 0.076 3.69698191 -5.72735405 0.076 3.69706106 -5.72419977 0.076 3.69532895 -5.72520018 0.076 3.69622183 -5.72217417 0.076 3.69429016 -5.72269154 0.076 3.69593573 -5.71999979 0.076 3.69393563 -5.71999979 0.076 3.69622183 -5.71782589 0.076 3.69429016 -5.71730804 0.076 3.69706106 -5.71579981 0.076 3.69532895 -5.71479988 0.076 3.69839597 -5.71406031 0.076 3.69698191 -5.71264601 0.076 3.70013571 -5.71272516 0.076 3.69913578 -5.71099329 0.076 3.70216155 -5.71188641 0.076 3.70164394 -5.70995426 0.076 3.70433569 -5.71159983 0.076 3.70433569 -5.70959997 0.076 3.70650983 -5.71188641 0.076 3.70702744 -5.70995426 0.076 3.70853567 -5.71272516 1.07599998 3.7095356 -5.71099329 1.07599998 3.70650983 -5.71188641 1.07599998 3.70702744 -5.70995426 1.07599998 3.70433569 -5.71159983 1.07599998 3.70433569 -5.70959997 1.07599998 3.70216155 -5.71188641 1.07599998 3.70164394 -5.70995426 1.07599998 3.70013571 -5.71272516 1.07599998 3.69913578 -5.71099329 1.07599998 3.69839597 -5.71406031 1.07599998 3.69698191 -5.71264601 1.07599998 3.69706106 -5.71579981 1.07599998 3.69532895 -5.71479988 1.07599998 3.69622183 -5.71782589 1.07599998 3.69429016 -5.71730804 1.07599998 3.69593573 -5.71999979 1.07599998 3.69393563 -5.71999979 1.07599998 3.69622183 -5.72217417 1.07599998 3.69429016 -5.72269154 1.07599998 3.69706106 -5.72419977 1.07599998 3.69532895 -5.72520018 1.07599998 3.69839597 -5.72593975 1.07599998 3.69698191 -5.72735405 1.07599998 3.70013571 -5.72727442 1.07599998 3.69913578 -5.72900677 1.07599998 3.70216155 -5.72811365 1.07599998 3.70164394 -5.7300458 1.07599998 3.70433569 -5.72840023 1.07599998 3.70433569 -5.73040009 1.07599998 3.70650983 -5.72811365 1.07599998 3.70702744 -5.7300458 1.07599998 3.70853567 -5.72727442 1.07599998 3.7095356 -5.72900677 1.07599998 3.71027541 -5.72593975 1.07599998 3.71168971 -5.72735405 1.07599998 3.71161032 -5.72419977 1.07599998 3.71334243 -5.72520018 1.07599998 3.71244955 -5.72217417 1.07599998 3.71438122 -5.72269154 1.07599998 3.71273565 -5.71999979 1.07599998 3.71473575 -5.71999979 1.07599998 3.71244955 -5.71782589 1.07599998 3.71438122 -5.71730804 1.07599998 3.71161032 -5.71579981 1.07599998 3.71334243 -5.71479988 1.07599998 3.71027541 -5.71406031 1.07599998 3.71168971 -5.71264601 1.07599998</float_array>
          <technique_common>
            <accessor source="#pos_38-array" count="288" stride="3">
              <param name="X" type="float"/>
              <param name="Y" type="float"/>
              <param name="Z" type="float"/>
            </accessor>
          </technique_common>
        </source>
        <source id="norm_38">
          <float_array id="norm_38-array" count="78">0 0 -1 0 0 1 1 -0 0 0.96593 0.25882 0 0.86603 0.5 0 0.70711 0.70711 0 0.5 0.86603 0 0.25882 0.96593 0 0 1 0 -0.25882 0.96593 0 -0.5 0.86603 0 -0.70711 0.70711 0 -0.86603 0.5 0 -0.96593 0.25882 0 -1 0 0 -0.96593 -0.25882 0 -0.86603 -0.5 0 -0.70711 -0.70711 0 -0.5 -0.86603 0 -0.25882 -0.96593 0 -0 -1 0 0.25882 -0.96593 0 0.5 -0.86603 0 0.70711 -0.70711 0 0.86603 -0.5 0 0.96593 -0.25882 0</float_array>
          <technique_common>
            <accessor source="#norm_38-array" count="78" stride="3">
              <param name="X" type="float"/>
              <param name="Y" type="float"/>
              <param name="Z" type="float"/>
            </accessor>
          </technique_common>
        </source>
        <vertices id="vert_38">
          <input semantic="POSITION" source="#pos_38"/>
        </vertices>
        <triangles count="144" material="mat_3">
          <input semantic="VERTEX" source="#vert_38" offset="0"/>
          <input semantic="NORMAL" source="#norm_38" offset="1"/>
          <p>0 0 1 0 2 0 2 0 1 0 3 0 2 0 3 0 4 0 4 0 3 0 5 0 4 0 5 0 6 0 6 0 5 0 7 0 6 0 7 0 8 0 8 0 7 0 9 0 8 0 9 0 10 0 10 0 9 0 11 0 10 0 11 0 12 0 12 0 11 0 13 0 12 0 13 0 14 0 14 0 13 0 15 0 14 0 15 0 16 0 16 0 15 0 17 0 16 0 17 0 18 0 18 0 17 0 19 0 18 0 19 0 20 0 20 0 19 0 21 0 20 0 21 0 22 0 22 0 21 0 23 0 22 0 23 0 24 0 24 0 23 0 25 0 24 0 25 0 26 0 26 0 25 0 27 0 26 0 27 0 28 0 28 0 27 0 29 0 28 0 29 0 30 0 30 0 29 0 31 0 30 0 31 0 32 0 32 0 31 0 33 0 32 0 33 0 34 0 34 0 33 0 35 0 34 0 35 0 36 0 36 0 35 0 37 0 36 0 37 0 38 0 38 0 37 0 39 0 38 0 39 0 40 0 40 0 39 0 41 0 40 0 41 0 42 0 42 0 41 0 43 0 42 0 43 0 44 0 44 0 43 0 45 0 44 0 45 0 46 0 46 0 45 0 47 0 46 0 47 0 0 0 0 0 47 0 1 0 48 1 49 1 50 1 50 1 49 1 51 1 50 1 51 1 52 1 52 1 51 1 53 1 52 1 53 1 54 1 54 1 53 1 55 1 54 1 55 1 56 1 56 1 55 1 57 1 56 1 57 1 58 1 58 1 57 1 59 1 58 1 59 1 60 1 60 1 59 1 61 1 60 1 61 1 62 1 62 1 61 1 63 1 62 1 63 1 64 1 64 1 63 1 65 1 64 1 65 1 66 1 66 1 65 1 67 1 66 1 67 1 68 1 68 1 67 1 69 1 68 1 69 1 70 1 70 1 69 1 71 1 70 1 71 1 72 1 72 1 71 1 73 1 72 1 73 1 74 1 74 1 73 1 75 1 74 1 75 1 76 1 76 1 75 1 77 1 76 1 77 1 78 1 78 1 77 1 79 1 78 1 79 1 80 1 80 1 79 1 81 1 80 1 81 1 82 1 82 1 81 1 83 1 82 1 83 1 84 1 84 1 83 1 85 1 84 1 85 1 86 1 86 1 85 1 87 1 86 1 87 1 88 1 88 1 87 1 89 1 88 1 89 1 90 1 90 1 89 1 91 1 90 1 91 1 92 1 92 1 91 1 93 1 92 1 93 1 94 1 94 1 93 1 95 1 94 1 95 1 48 1 48 1 95 1 49 1 32 2 64 2 30 3 30 3 64 2 66 3 30 3 66 3 28 4 28 4 66 3 68 4 28 4 68 4 26 5 26 5 68 4 70 5 26 5 70 5 24 6 24 6 70 5 72 6 24 6 72 6 22 7 22 7 72 6 74 7 22 7 74 7 20 8 20 8 74 7 76 8 20 8 76 8 18 9 18 9 76 8 78 9 18 9 78 9 16 10 16 10 78 9 80 10 16 10 80 10 14 11 14 11 80 10 82 11 14 11 82 11 12 12 12 12 82 11 84 12 12 12 84 12 10 13 10 13 84 12 86 13 10 13 86 13 8 14 8 14 86 13 88 14 8 14 88 14 6 15 6 15 88 14 90 15 6 15 90 15 4 16 4 16 90 15 92 16 4 16 92 16 2 17 2 17 92 16 94 17 2 17 94 17 0 18 0 18 94 17 48 18 0 18 48 18 46 19 46 19 48 18 50 19 46 19 50 19 44 20 44 20 50 19 52 20 44 20 52 20 42 21 42 21 52 20 54 21 42 21 54 21 40 22 40 22 54 21 56 22 40 22 56 22 38 23 38 23 56 22 58 23 38 23 58 23 36 24 36 24 58 23 60 24 36 24 60 24 34 25 34 25 60 24 62 25 34 25 62 25 32 2 32 2 62 25 64 2</p>
        </triangles>
      </mesh>
    </geometry>
    <geometry id="geometry_b7a368fb_850d_4825_9461_d0f9605fb1e0">
      <mesh>
        <source id="pos_39">
          <float_array id="pos_39-array" count="48">3.0443356 -5.78000021 0.041 3.0443356 -5.80000019 0.041 3.00433564 -5.78000021 0.041 3.00433564 -5.80000019 0.041 3.0443356 -5.80000019 0.081 3.0443356 -5.78000021 0.081 3.00433564 -5.80000019 0.081 3.00433564 -5.78000021 0.081 3.80433559 -5.78000021 0.041 3.80433559 -5.80000019 0.041 3.76433563 -5.78000021 0.041 3.76433563 -5.80000019 0.041 3.80433559 -5.80000019 0.081 3.80433559 -5.78000021 0.081 3.76433563 -5.80000019 0.081 3.76433563 -5.78000021 0.081</float_array>
          <technique_common>
            <accessor source="#pos_39-array" count="48" stride="3">
              <param name="X" type="float"/>
              <param name="Y" type="float"/>
              <param name="Z" type="float"/>
            </accessor>
          </technique_common>
        </source>
        <source id="norm_39">
          <float_array id="norm_39-array" count="18">0 0 -1 0 0 1 -1 0 0 0 1 0 1 0 0 0 -1 0</float_array>
          <technique_common>
            <accessor source="#norm_39-array" count="18" stride="3">
              <param name="X" type="float"/>
              <param name="Y" type="float"/>
              <param name="Z" type="float"/>
            </accessor>
          </technique_common>
        </source>
        <vertices id="vert_39">
          <input semantic="POSITION" source="#pos_39"/>
        </vertices>
        <triangles count="24" material="mat_9">
          <input semantic="VERTEX" source="#vert_39" offset="0"/>
          <input semantic="NORMAL" source="#norm_39" offset="1"/>
          <p>0 0 1 0 2 0 2 0 1 0 3 0 4 1 5 1 6 1 6 1 5 1 7 1 2 2 3 2 7 2 7 2 3 2 6 2 0 3 2 3 5 3 5 3 2 3 7 3 1 4 0 4 4 4 4 4 0 4 5 4 3 5 1 5 6 5 6 5 1 5 4 5 8 0 9 0 10 0 10 0 9 0 11 0 12 1 13 1 14 1 14 1 13 1 15 1 10 2 11 2 15 2 15 2 11 2 14 2 8 3 10 3 13 3 13 3 10 3 15 3 9 4 8 4 12 4 12 4 8 4 13 4 11 5 9 5 14 5 14 5 9 5 12 5</p>
        </triangles>
      </mesh>
    </geometry>
    <geometry id="geometry_30d5f63e_3f89_4d55_bc25_897fa5ea459a">
      <mesh>
        <source id="pos_40">
          <float_array id="pos_40-array" count="144">3.69393563 -5.71999979 -0.076 3.69429016 -5.72269154 -1.07599998 3.69429016 -5.72269154 -0.076 3.69532895 -5.72520018 -1.07599998 3.69532895 -5.72520018 -0.076 3.69698191 -5.72735405 -1.07599998 3.69698191 -5.72735405 -0.076 3.69913578 -5.72900677 -1.07599998 3.69913578 -5.72900677 -0.076 3.70164394 -5.7300458 -1.07599998 3.70164394 -5.7300458 -0.076 3.70433569 -5.73040009 -1.07599998 3.70433569 -5.73040009 -0.076 3.70702744 -5.7300458 -1.07599998 3.70702744 -5.7300458 -0.076 3.7095356 -5.72900677 -1.07599998 3.7095356 -5.72900677 -0.076 3.71168971 -5.72735405 -1.07599998 3.71168971 -5.72735405 -0.076 3.71334243 -5.72520018 -1.07599998 3.71334243 -5.72520018 -0.076 3.71438122 -5.72269154 -1.07599998 3.71438122 -5.72269154 -0.076 3.71473575 -5.71999979 -1.07599998 3.71473575 -5.71999979 -0.076 3.71438122 -5.71730804 -1.07599998 3.71438122 -5.71730804 -0.076 3.71334243 -5.71479988 -1.07599998 3.71334243 -5.71479988 -0.076 3.71168971 -5.71264601 -1.07599998 3.71168971 -5.71264601 -0.076 3.7095356 -5.71099329 -1.07599998 3.7095356 -5.71099329 -0.076 3.70702744 -5.70995426 -1.07599998 3.70702744 -5.70995426 -0.076 3.70433569 -5.70959997 -1.07599998 3.70433569 -5.70959997 -0.076 3.70164394 -5.70995426 -1.07599998 3.70164394 -5.70995426 -0.076 3.69913578 -5.71099329 -1.07599998 3.69913578 -5.71099329 -0.076 3.69698191 -5.71264601 -1.07599998 3.69698191 -5.71264601 -0.076 3.69532895 -5.71479988 -1.07599998 3.69532895 -5.71479988 -0.076 3.69429016 -5.71730804 -1.07599998 3.69429016 -5.71730804 -0.076 3.69393563 -5.71999979 -1.07599998</float_array>
          <technique_common>
            <accessor source="#pos_40-array" count="144" stride="3">
              <param name="X" type="float"/>
              <param name="Y" type="float"/>
              <param name="Z" type="float"/>
            </accessor>
          </technique_common>
        </source>
        <source id="norm_40">
          <float_array id="norm_40-array" count="72">-1 0 0 -0.96593 -0.25882 0 -0.86603 -0.5 0 -0.70711 -0.70711 0 -0.5 -0.86603 0 -0.25882 -0.96593 0 -0 -1 0 0.25882 -0.96593 0 0.5 -0.86603 0 0.70711 -0.70711 0 0.86603 -0.5 0 0.96593 -0.25882 0 1 -0 0 0.96593 0.25882 0 0.86603 0.5 0 0.70711 0.70711 0 0.5 0.86603 0 0.25882 0.96593 0 0 1 0 -0.25882 0.96593 0 -0.5 0.86603 0 -0.70711 0.70711 0 -0.86603 0.5 0 -0.96593 0.25882 0</float_array>
          <technique_common>
            <accessor source="#norm_40-array" count="72" stride="3">
              <param name="X" type="float"/>
              <param name="Y" type="float"/>
              <param name="Z" type="float"/>
            </accessor>
          </technique_common>
        </source>
        <vertices id="vert_40">
          <input semantic="POSITION" source="#pos_40"/>
        </vertices>
        <triangles count="48" material="mat_16">
          <input semantic="VERTEX" source="#vert_40" offset="0"/>
          <input semantic="NORMAL" source="#norm_40" offset="1"/>
          <p>0 0 1 1 2 1 2 1 1 1 3 2 2 1 3 2 4 2 4 2 3 2 5 3 4 2 5 3 6 3 6 3 5 3 7 4 6 3 7 4 8 4 8 4 7 4 9 5 8 4 9 5 10 5 10 5 9 5 11 6 10 5 11 6 12 6 12 6 11 6 13 7 12 6 13 7 14 7 14 7 13 7 15 8 14 7 15 8 16 8 16 8 15 8 17 9 16 8 17 9 18 9 18 9 17 9 19 10 18 9 19 10 20 10 20 10 19 10 21 11 20 10 21 11 22 11 22 11 21 11 23 12 22 11 23 12 24 12 24 12 23 12 25 13 24 12 25 13 26 13 26 13 25 13 27 14 26 13 27 14 28 14 28 14 27 14 29 15 28 14 29 15 30 15 30 15 29 15 31 16 30 15 31 16 32 16 32 16 31 16 33 17 32 16 33 17 34 17 34 17 33 17 35 18 34 17 35 18 36 18 36 18 35 18 37 19 36 18 37 19 38 19 38 19 37 19 39 20 38 19 39 20 40 20 40 20 39 20 41 21 40 20 41 21 42 21 42 21 41 21 43 22 42 21 43 22 44 22 44 22 43 22 45 23 44 22 45 23 46 23 46 23 45 23 47 0 46 23 47 0 0 0 0 0 47 0 1 1</p>
        </triangles>
      </mesh>
    </geometry>
    <geometry id="geometry_2ce54fdf_78b2_4419_b660_6c5aacdaeb5a">
      <mesh>
        <source id="pos_41">
          <float_array id="pos_41-array" count="288">3.70853567 -5.71272516 -0.076 3.7095356 -5.71099329 -0.076 3.70650983 -5.71188641 -0.076 3.70702744 -5.70995426 -0.076 3.70433569 -5.71159983 -0.076 3.70433569 -5.70959997 -0.076 3.70216155 -5.71188641 -0.076 3.70164394 -5.70995426 -0.076 3.70013571 -5.71272516 -0.076 3.69913578 -5.71099329 -0.076 3.69839597 -5.71406031 -0.076 3.69698191 -5.71264601 -0.076 3.69706106 -5.71579981 -0.076 3.69532895 -5.71479988 -0.076 3.69622183 -5.71782589 -0.076 3.69429016 -5.71730804 -0.076 3.69593573 -5.71999979 -0.076 3.69393563 -5.71999979 -0.076 3.69622183 -5.72217417 -0.076 3.69429016 -5.72269154 -0.076 3.69706106 -5.72419977 -0.076 3.69532895 -5.72520018 -0.076 3.69839597 -5.72593975 -0.076 3.69698191 -5.72735405 -0.076 3.70013571 -5.72727442 -0.076 3.69913578 -5.72900677 -0.076 3.70216155 -5.72811365 -0.076 3.70164394 -5.7300458 -0.076 3.70433569 -5.72840023 -0.076 3.70433569 -5.73040009 -0.076 3.70650983 -5.72811365 -0.076 3.70702744 -5.7300458 -0.076 3.70853567 -5.72727442 -0.076 3.7095356 -5.72900677 -0.076 3.71027541 -5.72593975 -0.076 3.71168971 -5.72735405 -0.076 3.71161032 -5.72419977 -0.076 3.71334243 -5.72520018 -0.076 3.71244955 -5.72217417 -0.076 3.71438122 -5.72269154 -0.076 3.71273565 -5.71999979 -0.076 3.71473575 -5.71999979 -0.076 3.71244955 -5.71782589 -0.076 3.71438122 -5.71730804 -0.076 3.71161032 -5.71579981 -0.076 3.71334243 -5.71479988 -0.076 3.71027541 -5.71406031 -0.076 3.71168971 -5.71264601 -0.076 3.70853567 -5.71272516 -1.07599998 3.7095356 -5.71099329 -1.07599998 3.71027541 -5.71406031 -1.07599998 3.71168971 -5.71264601 -1.07599998 3.71161032 -5.71579981 -1.07599998 3.71334243 -5.71479988 -1.07599998 3.71244955 -5.71782589 -1.07599998 3.71438122 -5.71730804 -1.07599998 3.71273565 -5.71999979 -1.07599998 3.71473575 -5.71999979 -1.07599998 3.71244955 -5.72217417 -1.07599998 3.71438122 -5.72269154 -1.07599998 3.71161032 -5.72419977 -1.07599998 3.71334243 -5.72520018 -1.07599998 3.71027541 -5.72593975 -1.07599998 3.71168971 -5.72735405 -1.07599998 3.70853567 -5.72727442 -1.07599998 3.7095356 -5.72900677 -1.07599998 3.70650983 -5.72811365 -1.07599998 3.70702744 -5.7300458 -1.07599998 3.70433569 -5.72840023 -1.07599998 3.70433569 -5.73040009 -1.07599998 3.70216155 -5.72811365 -1.07599998 3.70164394 -5.7300458 -1.07599998 3.70013571 -5.72727442 -1.07599998 3.69913578 -5.72900677 -1.07599998 3.69839597 -5.72593975 -1.07599998 3.69698191 -5.72735405 -1.07599998 3.69706106 -5.72419977 -1.07599998 3.69532895 -5.72520018 -1.07599998 3.69622183 -5.72217417 -1.07599998 3.69429016 -5.72269154 -1.07599998 3.69593573 -5.71999979 -1.07599998 3.69393563 -5.71999979 -1.07599998 3.69622183 -5.71782589 -1.07599998 3.69429016 -5.71730804 -1.07599998 3.69706106 -5.71579981 -1.07599998 3.69532895 -5.71479988 -1.07599998 3.69839597 -5.71406031 -1.07599998 3.69698191 -5.71264601 -1.07599998 3.70013571 -5.71272516 -1.07599998 3.69913578 -5.71099329 -1.07599998 3.70216155 -5.71188641 -1.07599998 3.70164394 -5.70995426 -1.07599998 3.70433569 -5.71159983 -1.07599998 3.70433569 -5.70959997 -1.07599998 3.70650983 -5.71188641 -1.07599998 3.70702744 -5.70995426 -1.07599998</float_array>
          <technique_common>
            <accessor source="#pos_41-array" count="288" stride="3">
              <param name="X" type="float"/>
              <param name="Y" type="float"/>
              <param name="Z" type="float"/>
            </accessor>
          </technique_common>
        </source>
        <source id="norm_41">
          <float_array id="norm_41-array" count="78">0 0 1 0 0 -1 1 -0 0 0.96593 0.25882 0 0.86603 0.5 0 0.70711 0.70711 0 0.5 0.86603 0 0.25882 0.96593 0 0 1 0 -0.25882 0.96593 0 -0.5 0.86603 0 -0.70711 0.70711 0 -0.86603 0.5 0 -0.96593 0.25882 0 -1 0 0 -0.96593 -0.25882 0 -0.86603 -0.5 0 -0.70711 -0.70711 0 -0.5 -0.86603 0 -0.25882 -0.96593 0 -0 -1 0 0.25882 -0.96593 0 0.5 -0.86603 0 0.70711 -0.70711 0 0.86603 -0.5 0 0.96593 -0.25882 0</float_array>
          <technique_common>
            <accessor source="#norm_41-array" count="78" stride="3">
              <param name="X" type="float"/>
              <param name="Y" type="float"/>
              <param name="Z" type="float"/>
            </accessor>
          </technique_common>
        </source>
        <vertices id="vert_41">
          <input semantic="POSITION" source="#pos_41"/>
        </vertices>
        <triangles count="144" material="mat_3">
          <input semantic="VERTEX" source="#vert_41" offset="0"/>
          <input semantic="NORMAL" source="#norm_41" offset="1"/>
          <p>0 0 1 0 2 0 2 0 1 0 3 0 2 0 3 0 4 0 4 0 3 0 5 0 4 0 5 0 6 0 6 0 5 0 7 0 6 0 7 0 8 0 8 0 7 0 9 0 8 0 9 0 10 0 10 0 9 0 11 0 10 0 11 0 12 0 12 0 11 0 13 0 12 0 13 0 14 0 14 0 13 0 15 0 14 0 15 0 16 0 16 0 15 0 17 0 16 0 17 0 18 0 18 0 17 0 19 0 18 0 19 0 20 0 20 0 19 0 21 0 20 0 21 0 22 0 22 0 21 0 23 0 22 0 23 0 24 0 24 0 23 0 25 0 24 0 25 0 26 0 26 0 25 0 27 0 26 0 27 0 28 0 28 0 27 0 29 0 28 0 29 0 30 0 30 0 29 0 31 0 30 0 31 0 32 0 32 0 31 0 33 0 32 0 33 0 34 0 34 0 33 0 35 0 34 0 35 0 36 0 36 0 35 0 37 0 36 0 37 0 38 0 38 0 37 0 39 0 38 0 39 0 40 0 40 0 39 0 41 0 40 0 41 0 42 0 42 0 41 0 43 0 42 0 43 0 44 0 44 0 43 0 45 0 44 0 45 0 46 0 46 0 45 0 47 0 46 0 47 0 0 0 0 0 47 0 1 0 48 1 49 1 50 1 50 1 49 1 51 1 50 1 51 1 52 1 52 1 51 1 53 1 52 1 53 1 54 1 54 1 53 1 55 1 54 1 55 1 56 1 56 1 55 1 57 1 56 1 57 1 58 1 58 1 57 1 59 1 58 1 59 1 60 1 60 1 59 1 61 1 60 1 61 1 62 1 62 1 61 1 63 1 62 1 63 1 64 1 64 1 63 1 65 1 64 1 65 1 66 1 66 1 65 1 67 1 66 1 67 1 68 1 68 1 67 1 69 1 68 1 69 1 70 1 70 1 69 1 71 1 70 1 71 1 72 1 72 1 71 1 73 1 72 1 73 1 74 1 74 1 73 1 75 1 74 1 75 1 76 1 76 1 75 1 77 1 76 1 77 1 78 1 78 1 77 1 79 1 78 1 79 1 80 1 80 1 79 1 81 1 80 1 81 1 82 1 82 1 81 1 83 1 82 1 83 1 84 1 84 1 83 1 85 1 84 1 85 1 86 1 86 1 85 1 87 1 86 1 87 1 88 1 88 1 87 1 89 1 88 1 89 1 90 1 90 1 89 1 91 1 90 1 91 1 92 1 92 1 91 1 93 1 92 1 93 1 94 1 94 1 93 1 95 1 94 1 95 1 48 1 48 1 95 1 49 1 80 2 16 2 78 3 78 3 16 2 18 3 78 3 18 3 76 4 76 4 18 3 20 4 76 4 20 4 74 5 74 5 20 4 22 5 74 5 22 5 72 6 72 6 22 5 24 6 72 6 24 6 70 7 70 7 24 6 26 7 70 7 26 7 68 8 68 8 26 7 28 8 68 8 28 8 66 9 66 9 28 8 30 9 66 9 30 9 64 10 64 10 30 9 32 10 64 10 32 10 62 11 62 11 32 10 34 11 62 11 34 11 60 12 60 12 34 11 36 12 60 12 36 12 58 13 58 13 36 12 38 13 58 13 38 13 56 14 56 14 38 13 40 14 56 14 40 14 54 15 54 15 40 14 42 15 54 15 42 15 52 16 52 16 42 15 44 16 52 16 44 16 50 17 50 17 44 16 46 17 50 17 46 17 48 18 48 18 46 17 0 18 48 18 0 18 94 19 94 19 0 18 2 19 94 19 2 19 92 20 92 20 2 19 4 20 92 20 4 20 90 21 90 21 4 20 6 21 90 21 6 21 88 22 88 22 6 21 8 22 88 22 8 22 86 23 86 23 8 22 10 23 86 23 10 23 84 24 84 24 10 23 12 24 84 24 12 24 82 25 82 25 12 24 14 25 82 25 14 25 80 2 80 2 14 25 16 2</p>
        </triangles>
      </mesh>
    </geometry>
    <geometry id="geometry_b952c639_45be_4ee8_8683_bdfa9fcc99fe">
      <mesh>
        <source id="pos_42">
          <float_array id="pos_42-array" count="240">-0.025 4.80000019 0 -0.025 4.80000019 0.1 0.025 4.80000019 0 0.025 4.80000019 0.1 6.07499981 6.05000019 0.40000001 6.07499981 6.05000019 0.5 6.07499981 4.80000019 0.40000001 6.07499981 4.78692722 0.5 6.07499981 3.29999995 0.001 6.07499981 3.28316784 0.1 6.07499981 -6.05000019 0.1 6.07499981 -6.05000019 0 6.07499981 3.45000005 0 6.07499981 3.45000005 0.001 -0.025 -6 0 -0.025 -6 0.1 3.80433559 -5.69999981 0.001 3.80433559 -6 0.001 3.80433559 -5.69999981 0 3.80433559 -6 0 3.00433564 -6 0.001 3.00433564 -5.69999981 0.001 3.00433564 -6 0 3.00433564 -5.69999981 0 -3.80433559 -6 0 -6.0250001 -6 0 -3.80433559 -6 0.001 -6.0250001 -6 0.1 -3.00433564 -6 0.001 -3.00433564 -6 0 0.025 -6 0.1 0.025 -6 0 -6.07499981 -6.05000019 0.1 -6.07499981 -6.05000019 0 6.0250001 3.28316784 0.1 6.0250001 -6 0.1 -6.0250001 3.28316784 0.1 -6.07499981 3.28316784 0.1 6.0250001 3.45000005 0 6.0250001 3.45000005 0.001 6.0250001 3.29999995 0.001 6.0250001 4.80000019 0.40000001 -3.80433559 -5.69999981 0.001 -3.80433559 -5.69999981 0 -3.00433564 -5.69999981 0.001 -3.00433564 -5.69999981 0 -6.07499981 6.05000019 0.40000001 -6.07499981 6.05000019 0.5 0.025 3.5 0.40000001 4.5250001 3.5 0.40000001 4.5250001 3.45000005 0.40000001 6.0250001 6 0.40000001 0.025 6 0.40000001 -4.5250001 3.45000005 0.40000001 -4.5250001 3.5 0.40000001 -0.025 3.5 0.40000001 -6.0250001 4.80000019 0.40000001 -6.07499981 4.80000019 0.40000001 -6.0250001 6 0.40000001 -0.025 6 0.40000001 6.0250001 4.78692722 0.5 -0.025 3.5 0.5 -4.5250001 3.5 0.5 -4.5250001 3.45000005 0.5 -6.07499981 4.78692722 0.5 -6.0250001 4.78692722 0.5 -6.0250001 6 0.5 -0.025 6 0.5 4.5250001 3.45000005 0.5 4.5250001 3.5 0.5 0.025 3.5 0.5 6.0250001 6 0.5 0.025 6 0.5 -6.0250001 3.29999995 0.001 -6.0250001 3.45000005 0 -6.0250001 3.45000005 0.001 -6.07499981 3.29999995 0.001 -6.07499981 3.45000005 0.001 -6.07499981 3.45000005 0 6.0250001 -6 0</float_array>
          <technique_common>
            <accessor source="#pos_42-array" count="240" stride="3">
              <param name="X" type="float"/>
              <param name="Y" type="float"/>
              <param name="Z" type="float"/>
            </accessor>
          </technique_common>
        </source>
        <source id="norm_42">
          <float_array id="norm_42-array" count="27">0 1 0 1 0 0 -1 0 0 0 0 1 0 -1 0 0 1 -0 0 0.25706 -0.9664 0 0 -1 0 -0.25706 0.9664</float_array>
          <technique_common>
            <accessor source="#norm_42-array" count="27" stride="3">
              <param name="X" type="float"/>
              <param name="Y" type="float"/>
              <param name="Z" type="float"/>
            </accessor>
          </technique_common>
        </source>
        <vertices id="vert_42">
          <input semantic="POSITION" source="#pos_42"/>
        </vertices>
        <triangles count="160" material="mat_17">
          <input semantic="VERTEX" source="#vert_42" offset="0"/>
          <input semantic="NORMAL" source="#norm_42" offset="1"/>
          <p>0 0 1 0 2 0 2 0 1 0 3 0 4 1 5 1 6 1 6 1 5 1 7 1 6 1 7 1 8 1 8 1 7 1 9 1 8 1 9 1 10 1 10 1 11 1 8 1 8 1 11 1 12 1 8 1 12 1 13 1 14 2 15 2 0 2 0 2 15 2 1 2 16 1 17 1 18 1 18 1 17 1 19 1 20 2 21 2 22 2 22 2 21 2 23 2 21 0 16 0 23 0 23 0 16 0 18 0 20 3 17 3 21 3 21 3 17 3 16 3 24 0 25 0 26 0 26 0 25 0 27 0 26 0 27 0 28 0 28 0 27 0 15 0 28 0 15 0 29 0 29 0 15 0 14 0 30 1 31 1 3 1 3 1 31 1 2 1 10 4 32 4 11 4 11 4 32 4 33 4 10 3 9 3 34 3 34 3 35 3 10 3 10 3 35 3 30 3 10 3 30 3 32 3 36 3 37 3 27 3 27 3 37 3 32 3 27 3 32 3 15 3 15 3 32 3 30 3 15 3 30 3 1 3 1 3 30 3 3 3 38 5 39 5 12 5 12 5 39 5 13 5 39 3 40 3 13 3 13 3 40 3 8 3 40 6 41 6 8 6 8 6 41 6 6 6 26 2 42 2 24 2 24 2 42 2 43 2 44 1 28 1 45 1 45 1 28 1 29 1 42 0 44 0 43 0 43 0 44 0 45 0 26 3 28 3 42 3 42 3 28 3 44 3 46 0 47 0 4 0 4 0 47 0 5 0 48 7 49 7 50 7 4 7 6 7 41 7 41 7 51 7 4 7 4 7 51 7 52 7 4 7 52 7 46 7 53 7 54 7 55 7 56 7 57 7 58 7 58 7 57 7 46 7 58 7 46 7 59 7 59 7 46 7 52 7 59 7 52 7 55 7 55 7 52 7 48 7 55 7 48 7 53 7 53 7 48 7 50 7 60 8 34 8 7 8 7 8 34 8 9 8 61 3 62 3 63 3 47 3 64 3 65 3 65 3 66 3 47 3 47 3 66 3 67 3 47 3 67 3 5 3 68 3 69 3 70 3 60 3 7 3 71 3 71 3 7 3 5 3 71 3 5 3 72 3 72 3 5 3 67 3 72 3 67 3 70 3 70 3 67 3 61 3 70 3 61 3 68 3 68 3 61 3 63 3 58 1 66 1 56 1 56 1 66 1 65 1 56 1 65 1 73 1 73 1 65 1 36 1 73 1 36 1 27 1 27 1 25 1 73 1 73 1 25 1 74 1 73 1 74 1 75 1 76 6 57 6 73 6 73 6 57 6 56 6 77 3 76 3 75 3 75 3 76 3 73 3 78 5 77 5 74 5 74 5 77 5 75 5 77 2 78 2 76 2 76 2 78 2 33 2 33 2 32 2 76 2 76 2 32 2 37 2 76 2 37 2 57 2 57 2 37 2 64 2 57 2 64 2 46 2 46 2 64 2 47 2 36 8 65 8 37 8 37 8 65 8 64 8 66 4 58 4 67 4 67 4 58 4 59 4 51 4 71 4 52 4 52 4 71 4 72 4 67 2 59 2 61 2 61 2 59 2 55 2 52 1 72 1 48 1 48 1 72 1 70 1 53 4 50 4 63 4 63 4 50 4 68 4 49 0 48 0 69 0 69 0 48 0 70 0 50 1 49 1 68 1 68 1 49 1 69 1 55 0 54 0 61 0 61 0 54 0 62 0 54 2 53 2 62 2 62 2 53 2 63 2 39 2 38 2 40 2 40 2 38 2 79 2 79 2 35 2 40 2 40 2 35 2 34 2 40 2 34 2 41 2 41 2 34 2 60 2 41 2 60 2 51 2 51 2 60 2 71 2 20 0 22 0 31 0 35 0 79 0 19 0 19 0 17 0 35 0 35 0 17 0 20 0 35 0 20 0 30 0 30 0 20 0 31 0 33 7 78 7 74 7 43 7 45 7 24 7 24 7 45 7 29 7 38 7 12 7 79 7 79 7 12 7 11 7 79 7 11 7 19 7 22 7 23 7 18 7 74 7 25 7 33 7 33 7 25 7 24 7 33 7 24 7 11 7 11 7 24 7 29 7 11 7 29 7 14 7 18 7 19 7 22 7 22 7 19 7 11 7 22 7 11 7 31 7 31 7 11 7 14 7 31 7 14 7 2 7 2 7 14 7 0 7</p>
        </triangles>
      </mesh>
    </geometry>
    <geometry id="geometry_082450c7_bcf5_4344_8eae_56ea1f2e6a40">
      <mesh>
        <source id="pos_43">
          <float_array id="pos_43-array" count="720">3.02433562 -5.69999981 -0.081 3.09226155 -5.71676493 -0.081 3.09183574 -5.71999979 -0.081 3.50757098 -5.7079258 -0.081 3.50433564 -5.70749998 -0.081 3.6954968 -5.71116114 -0.081 3.09351039 -5.72625017 -0.081 3.09549689 -5.72883892 -0.081 3.00433564 -5.73999977 -0.081 3.09351039 -5.71374989 -0.081 3.11317444 -5.71116114 -0.081 3.30433559 -5.70749998 -0.081 3.30110049 -5.7079258 -0.081 3.11058569 -5.73082542 -0.081 3.11317444 -5.72883892 -0.081 3.29183578 -5.71999979 -0.081 3.11516094 -5.72625017 -0.081 3.29808569 -5.70917463 -0.081 3.29549694 -5.71116114 -0.081 3.11516094 -5.71374989 -0.081 3.11640978 -5.71676493 -0.081 3.0204339 -5.70038414 -0.081 3.00433564 -5.71999979 -0.081 3.09226155 -5.72323513 -0.081 3.09808564 -5.73082542 -0.081 3.10110044 -5.73207426 -0.081 3.10433578 -5.73250008 -0.081 3.29351044 -5.72625017 -0.081 3.29549694 -5.72883892 -0.081 3.29808569 -5.73082542 -0.081 3.00471997 -5.71609831 -0.081 3.01322436 -5.70337057 -0.081 3.01668215 -5.70152235 -0.081 3.00585818 -5.71234655 -0.081 3.0077064 -5.70888853 -0.081 3.01019359 -5.70585775 -0.081 3.29351044 -5.71374989 -0.081 3.2922616 -5.71676493 -0.081 3.11683559 -5.71999979 -0.081 3.11640978 -5.72323513 -0.081 3.2922616 -5.72323513 -0.081 3.10757089 -5.73207426 -0.081 3.49549675 -5.72883892 -0.081 3.49808574 -5.73082542 -0.081 3.71058559 -5.73082542 -0.081 3.71317458 -5.72883892 -0.081 3.80433559 -5.73999977 -0.081 3.49351048 -5.72625017 -0.081 3.30433559 -5.73250008 -0.081 3.30110049 -5.73207426 -0.081 3.69351029 -5.72625017 -0.081 3.6954968 -5.72883892 -0.081 3.50433564 -5.73250008 -0.081 3.69808578 -5.73082542 -0.081 3.51516104 -5.71374989 -0.081 3.51317453 -5.71116114 -0.081 3.6922617 -5.71676493 -0.081 3.71640968 -5.71676493 -0.081 3.71516109 -5.71374989 -0.081 3.78433561 -5.69999981 -0.081 3.71317458 -5.71116114 -0.081 3.71058559 -5.70917463 -0.081 3.31516099 -5.71374989 -0.081 3.31317449 -5.71116114 -0.081 3.49226165 -5.71676493 -0.081 3.50757098 -5.73207426 -0.081 3.69183564 -5.71999979 -0.081 3.6922617 -5.72323513 -0.081 3.69351029 -5.71374989 -0.081 3.50110054 -5.73207426 -0.081 3.70110035 -5.73207426 -0.081 3.70433569 -5.73250008 -0.081 3.70757103 -5.73207426 -0.081 3.71683574 -5.71999979 -0.081 3.80096507 -5.70888853 -0.081 3.80281329 -5.71234655 -0.081 3.30757093 -5.73207426 -0.081 3.49183559 -5.71999979 -0.081 3.49226165 -5.72323513 -0.081 3.51058578 -5.70917463 -0.081 3.71516109 -5.72625017 -0.081 3.71640968 -5.72323513 -0.081 3.80433559 -5.71999979 -0.081 3.8039515 -5.71609831 -0.081 3.31058574 -5.70917463 -0.081 3.49549675 -5.71116114 -0.081 3.49351048 -5.71374989 -0.081 3.51058578 -5.73082542 -0.081 3.51317453 -5.72883892 -0.081 3.51516104 -5.72625017 -0.081 3.79198933 -5.70152235 -0.081 3.79544711 -5.70337057 -0.081 3.79847789 -5.70585775 -0.081 3.50110054 -5.7079258 -0.081 3.49808574 -5.70917463 -0.081 3.31058574 -5.73082542 -0.081 3.31317449 -5.72883892 -0.081 3.31516099 -5.72625017 -0.081 3.78823757 -5.70038414 -0.081 3.70757103 -5.7079258 -0.081 3.70433569 -5.70749998 -0.081 3.70110035 -5.7079258 -0.081 3.69808578 -5.70917463 -0.081 3.10110044 -5.7079258 -0.081 3.09808564 -5.70917463 -0.081 3.09549689 -5.71116114 -0.081 3.51640987 -5.72323513 -0.081 3.51683569 -5.71999979 -0.081 3.51640987 -5.71676493 -0.081 3.31640983 -5.72323513 -0.081 3.31683564 -5.71999979 -0.081 3.31640983 -5.71676493 -0.081 3.11058569 -5.70917463 -0.081 3.10757089 -5.7079258 -0.081 3.10433578 -5.70749998 -0.081 3.30757093 -5.7079258 -0.081 3.80433559 -5.73199987 -0.041 3.80433559 -5.73999977 -0.041 3.80433559 -5.73199987 -0.073 3.80433559 -5.71999979 -0.073 3.00433564 -5.73999977 -0.041 3.00433564 -5.71999979 -0.073 3.00433564 -5.73199987 -0.073 3.00433564 -5.73199987 -0.041 3.02433562 -5.69999981 -0.073 3.0204339 -5.70038414 -0.073 3.01668215 -5.70152235 -0.073 3.01322436 -5.70337057 -0.073 3.01019359 -5.70585775 -0.073 3.0077064 -5.70888853 -0.073 3.00585818 -5.71234655 -0.073 3.00471997 -5.71609831 -0.073 3.78433561 -5.69999981 -0.073 3.8039515 -5.71609831 -0.073 3.80281329 -5.71234655 -0.073 3.80096507 -5.70888853 -0.073 3.79847789 -5.70585775 -0.073 3.79544711 -5.70337057 -0.073 3.79198933 -5.70152235 -0.073 3.78823757 -5.70038414 -0.073 3.11516094 -5.71374989 -0.076 3.11640978 -5.71676493 -0.076 3.10433578 -5.71999979 -0.076 3.11683559 -5.71999979 -0.076 3.11640978 -5.72323513 -0.076 3.10757089 -5.7079258 -0.076 3.11058569 -5.70917463 -0.076 3.11317444 -5.71116114 -0.076 3.09808564 -5.70917463 -0.076 3.10110044 -5.7079258 -0.076 3.10433578 -5.70749998 -0.076 3.09226155 -5.71676493 -0.076 3.09351039 -5.71374989 -0.076 3.09549689 -5.71116114 -0.076 3.09351039 -5.72625017 -0.076 3.09226155 -5.72323513 -0.076 3.09183574 -5.71999979 -0.076 3.10110044 -5.73207426 -0.076 3.09808564 -5.73082542 -0.076 3.09549689 -5.72883892 -0.076 3.11058569 -5.73082542 -0.076 3.10757089 -5.73207426 -0.076 3.10433578 -5.73250008 -0.076 3.11516094 -5.72625017 -0.076 3.11317444 -5.72883892 -0.076 3.71516109 -5.71374989 -0.076 3.71640968 -5.71676493 -0.076 3.70433569 -5.71999979 -0.076 3.71683574 -5.71999979 -0.076 3.71640968 -5.72323513 -0.076 3.70757103 -5.7079258 -0.076 3.71058559 -5.70917463 -0.076 3.71317458 -5.71116114 -0.076 3.69808578 -5.70917463 -0.076 3.70110035 -5.7079258 -0.076 3.70433569 -5.70749998 -0.076 3.6922617 -5.71676493 -0.076 3.69351029 -5.71374989 -0.076 3.6954968 -5.71116114 -0.076 3.69351029 -5.72625017 -0.076 3.6922617 -5.72323513 -0.076 3.69183564 -5.71999979 -0.076 3.70110035 -5.73207426 -0.076 3.69808578 -5.73082542 -0.076 3.6954968 -5.72883892 -0.076 3.71058559 -5.73082542 -0.076 3.70757103 -5.73207426 -0.076 3.70433569 -5.73250008 -0.076 3.71516109 -5.72625017 -0.076 3.71317458 -5.72883892 -0.076 3.31516099 -5.71374989 -0.076 3.31640983 -5.71676493 -0.076 3.30433559 -5.71999979 -0.076 3.31683564 -5.71999979 -0.076 3.31640983 -5.72323513 -0.076 3.30757093 -5.7079258 -0.076 3.31058574 -5.70917463 -0.076 3.31317449 -5.71116114 -0.076 3.29808569 -5.70917463 -0.076 3.30110049 -5.7079258 -0.076 3.30433559 -5.70749998 -0.076 3.2922616 -5.71676493 -0.076 3.29351044 -5.71374989 -0.076 3.29549694 -5.71116114 -0.076 3.29351044 -5.72625017 -0.076 3.2922616 -5.72323513 -0.076 3.29183578 -5.71999979 -0.076 3.30110049 -5.73207426 -0.076 3.29808569 -5.73082542 -0.076 3.29549694 -5.72883892 -0.076 3.31058574 -5.73082542 -0.076 3.30757093 -5.73207426 -0.076 3.30433559 -5.73250008 -0.076 3.31516099 -5.72625017 -0.076 3.31317449 -5.72883892 -0.076 3.51516104 -5.71374989 -0.076 3.51640987 -5.71676493 -0.076 3.50433564 -5.71999979 -0.076 3.51683569 -5.71999979 -0.076 3.51640987 -5.72323513 -0.076 3.50757098 -5.7079258 -0.076 3.51058578 -5.70917463 -0.076 3.51317453 -5.71116114 -0.076 3.49808574 -5.70917463 -0.076 3.50110054 -5.7079258 -0.076 3.50433564 -5.70749998 -0.076 3.49226165 -5.71676493 -0.076 3.49351048 -5.71374989 -0.076 3.49549675 -5.71116114 -0.076 3.49351048 -5.72625017 -0.076 3.49226165 -5.72323513 -0.076 3.49183559 -5.71999979 -0.076 3.50110054 -5.73207426 -0.076 3.49808574 -5.73082542 -0.076 3.49549675 -5.72883892 -0.076 3.51058578 -5.73082542 -0.076 3.50757098 -5.73207426 -0.076 3.50433564 -5.73250008 -0.076 3.51516104 -5.72625017 -0.076 3.51317453 -5.72883892 -0.076</float_array>
          <technique_common>
            <accessor source="#pos_43-array" count="720" stride="3">
              <param name="X" type="float"/>
              <param name="Y" type="float"/>
              <param name="Z" type="float"/>
            </accessor>
          </technique_common>
        </source>
        <source id="norm_43">
          <float_array id="norm_43-array" count="135">0 0 -1 1 -0 0 0 -1 0 -1 0 0 -0 1 0 -0.19509 0.98079 0 -0.38268 0.92388 0 -0.55557 0.83147 0 -0.70711 0.70711 0 -0.83147 0.55557 0 -0.92388 0.38268 0 -0.98079 0.19509 0 -1 -0 0 -0 1 0 1 0 0 0.98079 0.19509 0 0.92388 0.38268 0 0.83147 0.55557 0 0.70711 0.70711 0 0.55557 0.83147 0 0.38268 0.92388 0 0.19509 0.98079 0 -0 1 0 0.96593 -0.25882 0 0.86603 -0.5 0 0.70711 -0.70711 0 0.5 -0.86603 0 0.25882 -0.96593 0 0 -1 0 -0.25882 -0.96593 0 -0.5 -0.86603 0 -0.70711 -0.70711 0 -0.86603 -0.5 0 -0.96593 -0.25882 0 -1 -0 0 -0.96593 0.25882 0 -0.86603 0.5 0 -0.5 0.86603 0 -0.25882 0.96593 0 0.25882 0.96593 0 0.5 0.86603 0 0.86603 0.5 0 0.96593 0.25882 0 0 0 1 0 1 0</float_array>
          <technique_common>
            <accessor source="#norm_43-array" count="135" stride="3">
              <param name="X" type="float"/>
              <param name="Y" type="float"/>
              <param name="Z" type="float"/>
            </accessor>
          </technique_common>
        </source>
        <vertices id="vert_43">
          <input semantic="POSITION" source="#pos_43"/>
        </vertices>
        <triangles count="476" material="mat_9">
          <input semantic="VERTEX" source="#vert_43" offset="0"/>
          <input semantic="NORMAL" source="#norm_43" offset="1"/>
          <p>0 0 1 0 2 0 3 0 4 0 5 0 6 0 7 0 8 0 1 0 0 0 9 0 10 0 11 0 12 0 13 0 14 0 15 0 15 0 14 0 16 0 12 0 17 0 10 0 10 0 17 0 18 0 10 0 18 0 19 0 19 0 18 0 20 0 21 0 0 0 22 0 22 0 0 0 2 0 22 0 2 0 8 0 8 0 2 0 23 0 8 0 23 0 6 0 7 0 24 0 8 0 8 0 24 0 25 0 8 0 25 0 26 0 27 0 28 0 8 0 8 0 28 0 29 0 30 0 31 0 22 0 22 0 31 0 32 0 22 0 32 0 21 0 30 0 33 0 31 0 31 0 33 0 34 0 31 0 34 0 35 0 18 0 36 0 20 0 20 0 36 0 37 0 20 0 37 0 38 0 38 0 37 0 15 0 38 0 15 0 39 0 39 0 15 0 16 0 27 0 8 0 40 0 40 0 8 0 26 0 40 0 26 0 15 0 15 0 26 0 41 0 15 0 41 0 13 0 8 0 42 0 43 0 44 0 45 0 46 0 47 0 42 0 48 0 48 0 42 0 8 0 48 0 8 0 49 0 49 0 8 0 29 0 50 0 51 0 52 0 52 0 51 0 53 0 54 0 55 0 56 0 57 0 58 0 59 0 59 0 58 0 60 0 59 0 60 0 61 0 62 0 63 0 64 0 65 0 66 0 52 0 52 0 66 0 67 0 52 0 67 0 50 0 56 0 55 0 68 0 43 0 69 0 8 0 8 0 69 0 52 0 8 0 52 0 46 0 53 0 70 0 52 0 52 0 70 0 71 0 52 0 71 0 46 0 46 0 71 0 72 0 46 0 72 0 44 0 73 0 74 0 75 0 76 0 77 0 48 0 48 0 77 0 78 0 48 0 78 0 47 0 68 0 55 0 5 0 5 0 55 0 79 0 5 0 79 0 3 0 45 0 80 0 46 0 46 0 80 0 81 0 46 0 81 0 82 0 82 0 81 0 73 0 82 0 73 0 83 0 83 0 73 0 75 0 84 0 85 0 63 0 63 0 85 0 86 0 63 0 86 0 64 0 65 0 87 0 66 0 66 0 87 0 88 0 66 0 88 0 89 0 90 0 91 0 73 0 73 0 91 0 92 0 73 0 92 0 74 0 4 0 93 0 0 0 0 0 93 0 94 0 0 0 94 0 85 0 76 0 95 0 77 0 77 0 95 0 96 0 77 0 96 0 97 0 57 0 59 0 73 0 73 0 59 0 98 0 73 0 98 0 90 0 61 0 99 0 59 0 59 0 99 0 100 0 59 0 100 0 0 0 0 0 100 0 101 0 0 0 101 0 4 0 4 0 101 0 102 0 4 0 102 0 5 0 103 0 104 0 0 0 0 0 104 0 105 0 0 0 105 0 9 0 89 0 106 0 66 0 66 0 106 0 107 0 66 0 107 0 56 0 56 0 107 0 108 0 56 0 108 0 54 0 97 0 109 0 77 0 77 0 109 0 110 0 77 0 110 0 64 0 64 0 110 0 111 0 64 0 111 0 62 0 10 0 112 0 11 0 11 0 112 0 113 0 11 0 113 0 114 0 84 0 115 0 85 0 85 0 115 0 11 0 85 0 11 0 0 0 0 0 11 0 114 0 0 0 114 0 103 0 116 1 117 1 118 1 118 1 117 1 46 1 118 1 46 1 119 1 119 1 46 1 82 1 117 2 120 2 46 2 46 2 120 2 8 2 121 3 22 3 122 3 122 3 22 3 8 3 122 3 8 3 123 3 123 3 8 3 120 3 124 4 0 4 21 5 124 4 21 5 125 5 125 5 21 5 32 6 125 5 32 6 126 6 126 6 32 6 31 7 126 6 31 7 127 7 127 7 31 7 35 8 127 7 35 8 128 8 128 8 35 8 34 9 128 8 34 9 129 9 129 9 34 9 33 10 129 9 33 10 130 10 130 10 33 10 30 11 130 10 30 11 131 11 131 11 30 11 22 12 131 11 22 12 121 12 124 13 132 13 0 13 0 13 132 13 59 13 119 14 82 14 83 15 119 14 83 15 133 15 133 15 83 15 75 16 133 15 75 16 134 16 134 16 75 16 74 17 134 16 74 17 135 17 135 17 74 17 92 18 135 17 92 18 136 18 136 18 92 18 91 19 136 18 91 19 137 19 137 19 91 19 90 20 137 19 90 20 138 20 138 20 90 20 98 21 138 20 98 21 139 21 139 21 98 21 59 22 139 21 59 22 132 22 140 0 141 0 142 0 142 0 141 0 143 0 142 0 143 0 144 0 145 0 146 0 142 0 142 0 146 0 147 0 142 0 147 0 140 0 148 0 149 0 142 0 142 0 149 0 150 0 142 0 150 0 145 0 151 0 152 0 142 0 142 0 152 0 153 0 142 0 153 0 148 0 154 0 155 0 142 0 142 0 155 0 156 0 142 0 156 0 151 0 157 0 158 0 142 0 142 0 158 0 159 0 142 0 159 0 154 0 160 0 161 0 142 0 142 0 161 0 162 0 142 0 162 0 157 0 144 0 163 0 142 0 142 0 163 0 164 0 142 0 164 0 160 0 156 14 2 14 151 23 151 23 2 14 1 23 151 23 1 23 152 24 152 24 1 23 9 24 152 24 9 24 153 25 153 25 9 24 105 25 153 25 105 25 148 26 148 26 105 25 104 26 148 26 104 26 149 27 149 27 104 26 103 27 149 27 103 27 150 28 150 28 103 27 114 28 150 28 114 28 145 29 145 29 114 28 113 29 145 29 113 29 146 30 146 30 113 29 112 30 146 30 112 30 147 31 147 31 112 30 10 31 147 31 10 31 140 32 140 32 10 31 19 32 140 32 19 32 141 33 141 33 19 32 20 33 141 33 20 33 143 34 143 34 20 33 38 34 143 34 38 34 144 35 144 35 38 34 39 35 144 35 39 35 163 36 163 36 39 35 16 36 163 36 16 36 164 8 164 8 16 36 14 8 164 8 14 8 160 37 160 37 14 8 13 37 160 37 13 37 161 38 161 38 13 37 41 38 161 38 41 38 162 22 162 22 41 38 26 22 162 22 26 22 157 39 157 39 26 22 25 39 157 39 25 39 158 40 158 40 25 39 24 40 158 40 24 40 159 18 159 18 24 40 7 18 159 18 7 18 154 41 154 41 7 18 6 41 154 41 6 41 155 42 155 42 6 41 23 42 155 42 23 42 156 14 156 14 23 42 2 14 165 0 166 0 167 0 167 0 166 0 168 0 167 0 168 0 169 0 170 0 171 0 167 0 167 0 171 0 172 0 167 0 172 0 165 0 173 0 174 0 167 0 167 0 174 0 175 0 167 0 175 0 170 0 176 0 177 0 167 0 167 0 177 0 178 0 167 0 178 0 173 0 179 0 180 0 167 0 167 0 180 0 181 0 167 0 181 0 176 0 182 0 183 0 167 0 167 0 183 0 184 0 167 0 184 0 179 0 185 0 186 0 167 0 167 0 186 0 187 0 167 0 187 0 182 0 169 0 188 0 167 0 167 0 188 0 189 0 167 0 189 0 185 0 181 14 66 14 176 23 176 23 66 14 56 23 176 23 56 23 177 24 177 24 56 23 68 24 177 24 68 24 178 25 178 25 68 24 5 25 178 25 5 25 173 26 173 26 5 25 102 26 173 26 102 26 174 27 174 27 102 26 101 27 174 27 101 27 175 28 175 28 101 27 100 28 175 28 100 28 170 29 170 29 100 28 99 29 170 29 99 29 171 30 171 30 99 29 61 30 171 30 61 30 172 31 172 31 61 30 60 31 172 31 60 31 165 32 165 32 60 31 58 32 165 32 58 32 166 33 166 33 58 32 57 33 166 33 57 33 168 34 168 34 57 33 73 34 168 34 73 34 169 35 169 35 73 34 81 35 169 35 81 35 188 36 188 36 81 35 80 36 188 36 80 36 189 8 189 8 80 36 45 8 189 8 45 8 185 37 185 37 45 8 44 37 185 37 44 37 186 38 186 38 44 37 72 38 186 38 72 38 187 22 187 22 72 38 71 22 187 22 71 22 182 39 182 39 71 22 70 39 182 39 70 39 183 40 183 40 70 39 53 40 183 40 53 40 184 18 184 18 53 40 51 18 184 18 51 18 179 41 179 41 51 18 50 41 179 41 50 41 180 42 180 42 50 41 67 42 180 42 67 42 181 14 181 14 67 42 66 14 190 0 191 0 192 0 192 0 191 0 193 0 192 0 193 0 194 0 195 0 196 0 192 0 192 0 196 0 197 0 192 0 197 0 190 0 198 0 199 0 192 0 192 0 199 0 200 0 192 0 200 0 195 0 201 0 202 0 192 0 192 0 202 0 203 0 192 0 203 0 198 0 204 0 205 0 192 0 192 0 205 0 206 0 192 0 206 0 201 0 207 0 208 0 192 0 192 0 208 0 209 0 192 0 209 0 204 0 210 0 211 0 192 0 192 0 211 0 212 0 192 0 212 0 207 0 194 0 213 0 192 0 192 0 213 0 214 0 192 0 214 0 210 0 206 14 15 14 201 23 201 23 15 14 37 23 201 23 37 23 202 24 202 24 37 23 36 24 202 24 36 24 203 25 203 25 36 24 18 25 203 25 18 25 198 26 198 26 18 25 17 26 198 26 17 26 199 27 199 27 17 26 12 27 199 27 12 27 200 28 200 28 12 27 11 28 200 28 11 28 195 29 195 29 11 28 115 29 195 29 115 29 196 30 196 30 115 29 84 30 196 30 84 30 197 31 197 31 84 30 63 31 197 31 63 31 190 32 190 32 63 31 62 32 190 32 62 32 191 33 191 33 62 32 111 33 191 33 111 33 193 34 193 34 111 33 110 34 193 34 110 34 194 35 194 35 110 34 109 35 194 35 109 35 213 36 213 36 109 35 97 36 213 36 97 36 214 8 214 8 97 36 96 8 214 8 96 8 210 37 210 37 96 8 95 37 210 37 95 37 211 38 211 38 95 37 76 38 211 38 76 38 212 22 212 22 76 38 48 22 212 22 48 22 207 39 207 39 48 22 49 39 207 39 49 39 208 40 208 40 49 39 29 40 208 40 29 40 209 18 209 18 29 40 28 18 209 18 28 18 204 41 204 41 28 18 27 41 204 41 27 41 205 42 205 42 27 41 40 42 205 42 40 42 206 14 206 14 40 42 15 14 215 0 216 0 217 0 217 0 216 0 218 0 217 0 218 0 219 0 220 0 221 0 217 0 217 0 221 0 222 0 217 0 222 0 215 0 223 0 224 0 217 0 217 0 224 0 225 0 217 0 225 0 220 0 226 0 227 0 217 0 217 0 227 0 228 0 217 0 228 0 223 0 229 0 230 0 217 0 217 0 230 0 231 0 217 0 231 0 226 0 232 0 233 0 217 0 217 0 233 0 234 0 217 0 234 0 229 0 235 0 236 0 217 0 217 0 236 0 237 0 217 0 237 0 232 0 219 0 238 0 217 0 217 0 238 0 239 0 217 0 239 0 235 0 231 14 77 14 226 23 226 23 77 14 64 23 226 23 64 23 227 24 227 24 64 23 86 24 227 24 86 24 228 25 228 25 86 24 85 25 228 25 85 25 223 26 223 26 85 25 94 26 223 26 94 26 224 27 224 27 94 26 93 27 224 27 93 27 225 28 225 28 93 27 4 28 225 28 4 28 220 29 220 29 4 28 3 29 220 29 3 29 221 30 221 30 3 29 79 30 221 30 79 30 222 31 222 31 79 30 55 31 222 31 55 31 215 32 215 32 55 31 54 32 215 32 54 32 216 33 216 33 54 32 108 33 216 33 108 33 218 34 218 34 108 33 107 34 218 34 107 34 219 35 219 35 107 34 106 35 219 35 106 35 238 36 238 36 106 35 89 36 238 36 89 36 239 8 239 8 89 36 88 8 239 8 88 8 235 37 235 37 88 8 87 37 235 37 87 37 236 38 236 38 87 37 65 38 236 38 65 38 237 22 237 22 65 38 52 22 237 22 52 22 232 39 232 39 52 22 69 39 232 39 69 39 233 40 233 40 69 39 43 40 233 40 43 40 234 18 234 18 43 40 42 18 234 18 42 18 229 41 229 41 42 18 47 41 229 41 47 41 230 42 230 42 47 41 78 42 230 42 78 42 231 14 231 14 78 42 77 14 121 43 122 43 124 43 124 43 122 43 132 43 122 43 118 43 119 43 126 43 127 43 131 43 122 43 119 43 132 43 132 43 119 43 133 43 132 43 133 43 134 43 136 43 137 43 138 43 121 43 124 43 131 43 131 43 124 43 125 43 131 43 125 43 126 43 128 43 129 43 127 43 127 43 129 43 130 43 127 43 130 43 131 43 134 43 135 43 132 43 132 43 135 43 136 43 132 43 136 43 139 43 139 43 136 43 138 43 117 43 116 43 120 43 120 43 116 43 123 43 116 44 118 44 123 44 123 44 118 44 122 44</p>
        </triangles>
      </mesh>
    </geometry>
    <geometry id="geometry_2bb6f868_b75d_4270_b56e_69bf083fd1ab">
      <mesh>
        <source id="pos_44">
          <float_array id="pos_44-array" count="144">3.69393563 -5.71999979 -0.076 3.69429016 -5.72269154 -1.07599998 3.69429016 -5.72269154 -0.076 3.69532895 -5.72520018 -1.07599998 3.69532895 -5.72520018 -0.076 3.69698191 -5.72735405 -1.07599998 3.69698191 -5.72735405 -0.076 3.69913578 -5.72900677 -1.07599998 3.69913578 -5.72900677 -0.076 3.70164394 -5.7300458 -1.07599998 3.70164394 -5.7300458 -0.076 3.70433569 -5.73040009 -1.07599998 3.70433569 -5.73040009 -0.076 3.70702744 -5.7300458 -1.07599998 3.70702744 -5.7300458 -0.076 3.7095356 -5.72900677 -1.07599998 3.7095356 -5.72900677 -0.076 3.71168971 -5.72735405 -1.07599998 3.71168971 -5.72735405 -0.076 3.71334243 -5.72520018 -1.07599998 3.71334243 -5.72520018 -0.076 3.71438122 -5.72269154 -1.07599998 3.71438122 -5.72269154 -0.076 3.71473575 -5.71999979 -1.07599998 3.71473575 -5.71999979 -0.076 3.71438122 -5.71730804 -1.07599998 3.71438122 -5.71730804 -0.076 3.71334243 -5.71479988 -1.07599998 3.71334243 -5.71479988 -0.076 3.71168971 -5.71264601 -1.07599998 3.71168971 -5.71264601 -0.076 3.7095356 -5.71099329 -1.07599998 3.7095356 -5.71099329 -0.076 3.70702744 -5.70995426 -1.07599998 3.70702744 -5.70995426 -0.076 3.70433569 -5.70959997 -1.07599998 3.70433569 -5.70959997 -0.076 3.70164394 -5.70995426 -1.07599998 3.70164394 -5.70995426 -0.076 3.69913578 -5.71099329 -1.07599998 3.69913578 -5.71099329 -0.076 3.69698191 -5.71264601 -1.07599998 3.69698191 -5.71264601 -0.076 3.69532895 -5.71479988 -1.07599998 3.69532895 -5.71479988 -0.076 3.69429016 -5.71730804 -1.07599998 3.69429016 -5.71730804 -0.076 3.69393563 -5.71999979 -1.07599998</float_array>
          <technique_common>
            <accessor source="#pos_44-array" count="144" stride="3">
              <param name="X" type="float"/>
              <param name="Y" type="float"/>
              <param name="Z" type="float"/>
            </accessor>
          </technique_common>
        </source>
        <source id="norm_44">
          <float_array id="norm_44-array" count="72">-1 0 0 -0.96593 -0.25882 0 -0.86603 -0.5 0 -0.70711 -0.70711 0 -0.5 -0.86603 0 -0.25882 -0.96593 0 -0 -1 0 0.25882 -0.96593 0 0.5 -0.86603 0 0.70711 -0.70711 0 0.86603 -0.5 0 0.96593 -0.25882 0 1 -0 0 0.96593 0.25882 0 0.86603 0.5 0 0.70711 0.70711 0 0.5 0.86603 0 0.25882 0.96593 0 0 1 0 -0.25882 0.96593 0 -0.5 0.86603 0 -0.70711 0.70711 0 -0.86603 0.5 0 -0.96593 0.25882 0</float_array>
          <technique_common>
            <accessor source="#norm_44-array" count="72" stride="3">
              <param name="X" type="float"/>
              <param name="Y" type="float"/>
              <param name="Z" type="float"/>
            </accessor>
          </technique_common>
        </source>
        <vertices id="vert_44">
          <input semantic="POSITION" source="#pos_44"/>
        </vertices>
        <triangles count="48" material="mat_16">
          <input semantic="VERTEX" source="#vert_44" offset="0"/>
          <input semantic="NORMAL" source="#norm_44" offset="1"/>
          <p>0 0 1 1 2 1 2 1 1 1 3 2 2 1 3 2 4 2 4 2 3 2 5 3 4 2 5 3 6 3 6 3 5 3 7 4 6 3 7 4 8 4 8 4 7 4 9 5 8 4 9 5 10 5 10 5 9 5 11 6 10 5 11 6 12 6 12 6 11 6 13 7 12 6 13 7 14 7 14 7 13 7 15 8 14 7 15 8 16 8 16 8 15 8 17 9 16 8 17 9 18 9 18 9 17 9 19 10 18 9 19 10 20 10 20 10 19 10 21 11 20 10 21 11 22 11 22 11 21 11 23 12 22 11 23 12 24 12 24 12 23 12 25 13 24 12 25 13 26 13 26 13 25 13 27 14 26 13 27 14 28 14 28 14 27 14 29 15 28 14 29 15 30 15 30 15 29 15 31 16 30 15 31 16 32 16 32 16 31 16 33 17 32 16 33 17 34 17 34 17 33 17 35 18 34 17 35 18 36 18 36 18 35 18 37 19 36 18 37 19 38 19 38 19 37 19 39 20 38 19 39 20 40 20 40 20 39 20 41 21 40 20 41 21 42 21 42 21 41 21 43 22 42 21 43 22 44 22 44 22 43 22 45 23 44 22 45 23 46 23 46 23 45 23 47 0 46 23 47 0 0 0 0 0 47 0 1 1</p>
        </triangles>
      </mesh>
    </geometry>
    <geometry id="geometry_993ce270_9c37_4c89_9e24_271b18015c92">
      <mesh>
        <source id="pos_45">
          <float_array id="pos_45-array" count="288">3.70853567 -5.71272516 -0.076 3.7095356 -5.71099329 -0.076 3.70650983 -5.71188641 -0.076 3.70702744 -5.70995426 -0.076 3.70433569 -5.71159983 -0.076 3.70433569 -5.70959997 -0.076 3.70216155 -5.71188641 -0.076 3.70164394 -5.70995426 -0.076 3.70013571 -5.71272516 -0.076 3.69913578 -5.71099329 -0.076 3.69839597 -5.71406031 -0.076 3.69698191 -5.71264601 -0.076 3.69706106 -5.71579981 -0.076 3.69532895 -5.71479988 -0.076 3.69622183 -5.71782589 -0.076 3.69429016 -5.71730804 -0.076 3.69593573 -5.71999979 -0.076 3.69393563 -5.71999979 -0.076 3.69622183 -5.72217417 -0.076 3.69429016 -5.72269154 -0.076 3.69706106 -5.72419977 -0.076 3.69532895 -5.72520018 -0.076 3.69839597 -5.72593975 -0.076 3.69698191 -5.72735405 -0.076 3.70013571 -5.72727442 -0.076 3.69913578 -5.72900677 -0.076 3.70216155 -5.72811365 -0.076 3.70164394 -5.7300458 -0.076 3.70433569 -5.72840023 -0.076 3.70433569 -5.73040009 -0.076 3.70650983 -5.72811365 -0.076 3.70702744 -5.7300458 -0.076 3.70853567 -5.72727442 -0.076 3.7095356 -5.72900677 -0.076 3.71027541 -5.72593975 -0.076 3.71168971 -5.72735405 -0.076 3.71161032 -5.72419977 -0.076 3.71334243 -5.72520018 -0.076 3.71244955 -5.72217417 -0.076 3.71438122 -5.72269154 -0.076 3.71273565 -5.71999979 -0.076 3.71473575 -5.71999979 -0.076 3.71244955 -5.71782589 -0.076 3.71438122 -5.71730804 -0.076 3.71161032 -5.71579981 -0.076 3.71334243 -5.71479988 -0.076 3.71027541 -5.71406031 -0.076 3.71168971 -5.71264601 -0.076 3.70853567 -5.71272516 -1.07599998 3.7095356 -5.71099329 -1.07599998 3.71027541 -5.71406031 -1.07599998 3.71168971 -5.71264601 -1.07599998 3.71161032 -5.71579981 -1.07599998 3.71334243 -5.71479988 -1.07599998 3.71244955 -5.71782589 -1.07599998 3.71438122 -5.71730804 -1.07599998 3.71273565 -5.71999979 -1.07599998 3.71473575 -5.71999979 -1.07599998 3.71244955 -5.72217417 -1.07599998 3.71438122 -5.72269154 -1.07599998 3.71161032 -5.72419977 -1.07599998 3.71334243 -5.72520018 -1.07599998 3.71027541 -5.72593975 -1.07599998 3.71168971 -5.72735405 -1.07599998 3.70853567 -5.72727442 -1.07599998 3.7095356 -5.72900677 -1.07599998 3.70650983 -5.72811365 -1.07599998 3.70702744 -5.7300458 -1.07599998 3.70433569 -5.72840023 -1.07599998 3.70433569 -5.73040009 -1.07599998 3.70216155 -5.72811365 -1.07599998 3.70164394 -5.7300458 -1.07599998 3.70013571 -5.72727442 -1.07599998 3.69913578 -5.72900677 -1.07599998 3.69839597 -5.72593975 -1.07599998 3.69698191 -5.72735405 -1.07599998 3.69706106 -5.72419977 -1.07599998 3.69532895 -5.72520018 -1.07599998 3.69622183 -5.72217417 -1.07599998 3.69429016 -5.72269154 -1.07599998 3.69593573 -5.71999979 -1.07599998 3.69393563 -5.71999979 -1.07599998 3.69622183 -5.71782589 -1.07599998 3.69429016 -5.71730804 -1.07599998 3.69706106 -5.71579981 -1.07599998 3.69532895 -5.71479988 -1.07599998 3.69839597 -5.71406031 -1.07599998 3.69698191 -5.71264601 -1.07599998 3.70013571 -5.71272516 -1.07599998 3.69913578 -5.71099329 -1.07599998 3.70216155 -5.71188641 -1.07599998 3.70164394 -5.70995426 -1.07599998 3.70433569 -5.71159983 -1.07599998 3.70433569 -5.70959997 -1.07599998 3.70650983 -5.71188641 -1.07599998 3.70702744 -5.70995426 -1.07599998</float_array>
          <technique_common>
            <accessor source="#pos_45-array" count="288" stride="3">
              <param name="X" type="float"/>
              <param name="Y" type="float"/>
              <param name="Z" type="float"/>
            </accessor>
          </technique_common>
        </source>
        <source id="norm_45">
          <float_array id="norm_45-array" count="78">0 0 1 0 0 -1 1 -0 0 0.96593 0.25882 0 0.86603 0.5 0 0.70711 0.70711 0 0.5 0.86603 0 0.25882 0.96593 0 0 1 0 -0.25882 0.96593 0 -0.5 0.86603 0 -0.70711 0.70711 0 -0.86603 0.5 0 -0.96593 0.25882 0 -1 0 0 -0.96593 -0.25882 0 -0.86603 -0.5 0 -0.70711 -0.70711 0 -0.5 -0.86603 0 -0.25882 -0.96593 0 -0 -1 0 0.25882 -0.96593 0 0.5 -0.86603 0 0.70711 -0.70711 0 0.86603 -0.5 0 0.96593 -0.25882 0</float_array>
          <technique_common>
            <accessor source="#norm_45-array" count="78" stride="3">
              <param name="X" type="float"/>
              <param name="Y" type="float"/>
              <param name="Z" type="float"/>
            </accessor>
          </technique_common>
        </source>
        <vertices id="vert_45">
          <input semantic="POSITION" source="#pos_45"/>
        </vertices>
        <triangles count="144" material="mat_3">
          <input semantic="VERTEX" source="#vert_45" offset="0"/>
          <input semantic="NORMAL" source="#norm_45" offset="1"/>
          <p>0 0 1 0 2 0 2 0 1 0 3 0 2 0 3 0 4 0 4 0 3 0 5 0 4 0 5 0 6 0 6 0 5 0 7 0 6 0 7 0 8 0 8 0 7 0 9 0 8 0 9 0 10 0 10 0 9 0 11 0 10 0 11 0 12 0 12 0 11 0 13 0 12 0 13 0 14 0 14 0 13 0 15 0 14 0 15 0 16 0 16 0 15 0 17 0 16 0 17 0 18 0 18 0 17 0 19 0 18 0 19 0 20 0 20 0 19 0 21 0 20 0 21 0 22 0 22 0 21 0 23 0 22 0 23 0 24 0 24 0 23 0 25 0 24 0 25 0 26 0 26 0 25 0 27 0 26 0 27 0 28 0 28 0 27 0 29 0 28 0 29 0 30 0 30 0 29 0 31 0 30 0 31 0 32 0 32 0 31 0 33 0 32 0 33 0 34 0 34 0 33 0 35 0 34 0 35 0 36 0 36 0 35 0 37 0 36 0 37 0 38 0 38 0 37 0 39 0 38 0 39 0 40 0 40 0 39 0 41 0 40 0 41 0 42 0 42 0 41 0 43 0 42 0 43 0 44 0 44 0 43 0 45 0 44 0 45 0 46 0 46 0 45 0 47 0 46 0 47 0 0 0 0 0 47 0 1 0 48 1 49 1 50 1 50 1 49 1 51 1 50 1 51 1 52 1 52 1 51 1 53 1 52 1 53 1 54 1 54 1 53 1 55 1 54 1 55 1 56 1 56 1 55 1 57 1 56 1 57 1 58 1 58 1 57 1 59 1 58 1 59 1 60 1 60 1 59 1 61 1 60 1 61 1 62 1 62 1 61 1 63 1 62 1 63 1 64 1 64 1 63 1 65 1 64 1 65 1 66 1 66 1 65 1 67 1 66 1 67 1 68 1 68 1 67 1 69 1 68 1 69 1 70 1 70 1 69 1 71 1 70 1 71 1 72 1 72 1 71 1 73 1 72 1 73 1 74 1 74 1 73 1 75 1 74 1 75 1 76 1 76 1 75 1 77 1 76 1 77 1 78 1 78 1 77 1 79 1 78 1 79 1 80 1 80 1 79 1 81 1 80 1 81 1 82 1 82 1 81 1 83 1 82 1 83 1 84 1 84 1 83 1 85 1 84 1 85 1 86 1 86 1 85 1 87 1 86 1 87 1 88 1 88 1 87 1 89 1 88 1 89 1 90 1 90 1 89 1 91 1 90 1 91 1 92 1 92 1 91 1 93 1 92 1 93 1 94 1 94 1 93 1 95 1 94 1 95 1 48 1 48 1 95 1 49 1 80 2 16 2 78 3 78 3 16 2 18 3 78 3 18 3 76 4 76 4 18 3 20 4 76 4 20 4 74 5 74 5 20 4 22 5 74 5 22 5 72 6 72 6 22 5 24 6 72 6 24 6 70 7 70 7 24 6 26 7 70 7 26 7 68 8 68 8 26 7 28 8 68 8 28 8 66 9 66 9 28 8 30 9 66 9 30 9 64 10 64 10 30 9 32 10 64 10 32 10 62 11 62 11 32 10 34 11 62 11 34 11 60 12 60 12 34 11 36 12 60 12 36 12 58 13 58 13 36 12 38 13 58 13 38 13 56 14 56 14 38 13 40 14 56 14 40 14 54 15 54 15 40 14 42 15 54 15 42 15 52 16 52 16 42 15 44 16 52 16 44 16 50 17 50 17 44 16 46 17 50 17 46 17 48 18 48 18 46 17 0 18 48 18 0 18 94 19 94 19 0 18 2 19 94 19 2 19 92 20 92 20 2 19 4 20 92 20 4 20 90 21 90 21 4 20 6 21 90 21 6 21 88 22 88 22 6 21 8 22 88 22 8 22 86 23 86 23 8 22 10 23 86 23 10 23 84 24 84 24 10 23 12 24 84 24 12 24 82 25 82 25 12 24 14 25 82 25 14 25 80 2 80 2 14 25 16 2</p>
        </triangles>
      </mesh>
    </geometry>
    <geometry id="geometry_1dd7000b_2767_49ae_845c_e9612ddeb177">
      <mesh>
        <source id="pos_46">
          <float_array id="pos_46-array" count="24">1.02499998 3.5 0.5 1.02499998 3.5 0.40000001 2.5250001 3.5 0.5 2.5250001 3.5 0.40000001 1.02499998 3.50049996 0.40000001 1.02499998 3.50049996 0.5 2.5250001 3.50049996 0.40000001 2.5250001 3.50049996 0.5</float_array>
          <technique_common>
            <accessor source="#pos_46-array" count="24" stride="3">
              <param name="X" type="float"/>
              <param name="Y" type="float"/>
              <param name="Z" type="float"/>
            </accessor>
          </technique_common>
        </source>
        <source id="norm_46">
          <float_array id="norm_46-array" count="18">0 -1 0 0 1 0 1 0 0 0 0 -1 -1 0 0 0 0 1</float_array>
          <technique_common>
            <accessor source="#norm_46-array" count="18" stride="3">
              <param name="X" type="float"/>
              <param name="Y" type="float"/>
              <param name="Z" type="float"/>
            </accessor>
          </technique_common>
        </source>
        <vertices id="vert_46">
          <input semantic="POSITION" source="#pos_46"/>
        </vertices>
        <triangles count="12" material="mat_12">
          <input semantic="VERTEX" source="#vert_46" offset="0"/>
          <input semantic="NORMAL" source="#norm_46" offset="1"/>
          <p>0 0 1 0 2 0 2 0 1 0 3 0 4 1 5 1 6 1 6 1 5 1 7 1 6 2 7 2 3 2 3 2 7 2 2 2 4 3 6 3 1 3 1 3 6 3 3 3 5 4 4 4 0 4 0 4 4 4 1 4 7 5 5 5 2 5 2 5 5 5 0 5</p>
        </triangles>
      </mesh>
    </geometry>
    <geometry id="geometry_7276c146_0de3_4c9b_a6e2_566dd2b3dab1">
      <mesh>
        <source id="pos_47">
          <float_array id="pos_47-array" count="24">1.02499998 3.5 -0.40000001 1.02499998 3.5 -0.5 2.5250001 3.5 -0.40000001 2.5250001 3.5 -0.5 1.02499998 3.50049996 -0.5 1.02499998 3.50049996 -0.40000001 2.5250001 3.50049996 -0.5 2.5250001 3.50049996 -0.40000001</float_array>
          <technique_common>
            <accessor source="#pos_47-array" count="24" stride="3">
              <param name="X" type="float"/>
              <param name="Y" type="float"/>
              <param name="Z" type="float"/>
            </accessor>
          </technique_common>
        </source>
        <source id="norm_47">
          <float_array id="norm_47-array" count="18">0 -1 0 0 1 0 1 0 0 0 0 1 -1 0 0 0 0 -1</float_array>
          <technique_common>
            <accessor source="#norm_47-array" count="18" stride="3">
              <param name="X" type="float"/>
              <param name="Y" type="float"/>
              <param name="Z" type="float"/>
            </accessor>
          </technique_common>
        </source>
        <vertices id="vert_47">
          <input semantic="POSITION" source="#pos_47"/>
        </vertices>
        <triangles count="12" material="mat_12">
          <input semantic="VERTEX" source="#vert_47" offset="0"/>
          <input semantic="NORMAL" source="#norm_47" offset="1"/>
          <p>0 0 1 0 2 0 2 0 1 0 3 0 4 1 5 1 6 1 6 1 5 1 7 1 6 2 7 2 3 2 3 2 7 2 2 2 7 3 5 3 2 3 2 3 5 3 0 3 5 4 4 4 0 4 0 4 4 4 1 4 4 5 6 5 1 5 1 5 6 5 3 5</p>
        </triangles>
      </mesh>
    </geometry>
    <geometry id="geometry_efda1466_191d_46be_a45f_7f86a7b07c86">
      <mesh>
        <source id="pos_48">
          <float_array id="pos_48-array" count="144">3.69393563 -5.71999979 -0.076 3.69429016 -5.72269154 -1.07599998 3.69429016 -5.72269154 -0.076 3.69532895 -5.72520018 -1.07599998 3.69532895 -5.72520018 -0.076 3.69698191 -5.72735405 -1.07599998 3.69698191 -5.72735405 -0.076 3.69913578 -5.72900677 -1.07599998 3.69913578 -5.72900677 -0.076 3.70164394 -5.7300458 -1.07599998 3.70164394 -5.7300458 -0.076 3.70433569 -5.73040009 -1.07599998 3.70433569 -5.73040009 -0.076 3.70702744 -5.7300458 -1.07599998 3.70702744 -5.7300458 -0.076 3.7095356 -5.72900677 -1.07599998 3.7095356 -5.72900677 -0.076 3.71168971 -5.72735405 -1.07599998 3.71168971 -5.72735405 -0.076 3.71334243 -5.72520018 -1.07599998 3.71334243 -5.72520018 -0.076 3.71438122 -5.72269154 -1.07599998 3.71438122 -5.72269154 -0.076 3.71473575 -5.71999979 -1.07599998 3.71473575 -5.71999979 -0.076 3.71438122 -5.71730804 -1.07599998 3.71438122 -5.71730804 -0.076 3.71334243 -5.71479988 -1.07599998 3.71334243 -5.71479988 -0.076 3.71168971 -5.71264601 -1.07599998 3.71168971 -5.71264601 -0.076 3.7095356 -5.71099329 -1.07599998 3.7095356 -5.71099329 -0.076 3.70702744 -5.70995426 -1.07599998 3.70702744 -5.70995426 -0.076 3.70433569 -5.70959997 -1.07599998 3.70433569 -5.70959997 -0.076 3.70164394 -5.70995426 -1.07599998 3.70164394 -5.70995426 -0.076 3.69913578 -5.71099329 -1.07599998 3.69913578 -5.71099329 -0.076 3.69698191 -5.71264601 -1.07599998 3.69698191 -5.71264601 -0.076 3.69532895 -5.71479988 -1.07599998 3.69532895 -5.71479988 -0.076 3.69429016 -5.71730804 -1.07599998 3.69429016 -5.71730804 -0.076 3.69393563 -5.71999979 -1.07599998</float_array>
          <technique_common>
            <accessor source="#pos_48-array" count="144" stride="3">
              <param name="X" type="float"/>
              <param name="Y" type="float"/>
              <param name="Z" type="float"/>
            </accessor>
          </technique_common>
        </source>
        <source id="norm_48">
          <float_array id="norm_48-array" count="72">-1 0 0 -0.96593 -0.25882 0 -0.86603 -0.5 0 -0.70711 -0.70711 0 -0.5 -0.86603 0 -0.25882 -0.96593 0 -0 -1 0 0.25882 -0.96593 0 0.5 -0.86603 0 0.70711 -0.70711 0 0.86603 -0.5 0 0.96593 -0.25882 0 1 -0 0 0.96593 0.25882 0 0.86603 0.5 0 0.70711 0.70711 0 0.5 0.86603 0 0.25882 0.96593 0 0 1 0 -0.25882 0.96593 0 -0.5 0.86603 0 -0.70711 0.70711 0 -0.86603 0.5 0 -0.96593 0.25882 0</float_array>
          <technique_common>
            <accessor source="#norm_48-array" count="72" stride="3">
              <param name="X" type="float"/>
              <param name="Y" type="float"/>
              <param name="Z" type="float"/>
            </accessor>
          </technique_common>
        </source>
        <vertices id="vert_48">
          <input semantic="POSITION" source="#pos_48"/>
        </vertices>
        <triangles count="48" material="mat_16">
          <input semantic="VERTEX" source="#vert_48" offset="0"/>
          <input semantic="NORMAL" source="#norm_48" offset="1"/>
          <p>0 0 1 1 2 1 2 1 1 1 3 2 2 1 3 2 4 2 4 2 3 2 5 3 4 2 5 3 6 3 6 3 5 3 7 4 6 3 7 4 8 4 8 4 7 4 9 5 8 4 9 5 10 5 10 5 9 5 11 6 10 5 11 6 12 6 12 6 11 6 13 7 12 6 13 7 14 7 14 7 13 7 15 8 14 7 15 8 16 8 16 8 15 8 17 9 16 8 17 9 18 9 18 9 17 9 19 10 18 9 19 10 20 10 20 10 19 10 21 11 20 10 21 11 22 11 22 11 21 11 23 12 22 11 23 12 24 12 24 12 23 12 25 13 24 12 25 13 26 13 26 13 25 13 27 14 26 13 27 14 28 14 28 14 27 14 29 15 28 14 29 15 30 15 30 15 29 15 31 16 30 15 31 16 32 16 32 16 31 16 33 17 32 16 33 17 34 17 34 17 33 17 35 18 34 17 35 18 36 18 36 18 35 18 37 19 36 18 37 19 38 19 38 19 37 19 39 20 38 19 39 20 40 20 40 20 39 20 41 21 40 20 41 21 42 21 42 21 41 21 43 22 42 21 43 22 44 22 44 22 43 22 45 23 44 22 45 23 46 23 46 23 45 23 47 0 46 23 47 0 0 0 0 0 47 0 1 1</p>
        </triangles>
      </mesh>
    </geometry>
    <geometry id="geometry_6f49d9ce_e4b0_4ee1_8ebd_b5cc71fcbcba">
      <mesh>
        <source id="pos_49">
          <float_array id="pos_49-array" count="288">3.70853567 -5.71272516 -0.076 3.7095356 -5.71099329 -0.076 3.70650983 -5.71188641 -0.076 3.70702744 -5.70995426 -0.076 3.70433569 -5.71159983 -0.076 3.70433569 -5.70959997 -0.076 3.70216155 -5.71188641 -0.076 3.70164394 -5.70995426 -0.076 3.70013571 -5.71272516 -0.076 3.69913578 -5.71099329 -0.076 3.69839597 -5.71406031 -0.076 3.69698191 -5.71264601 -0.076 3.69706106 -5.71579981 -0.076 3.69532895 -5.71479988 -0.076 3.69622183 -5.71782589 -0.076 3.69429016 -5.71730804 -0.076 3.69593573 -5.71999979 -0.076 3.69393563 -5.71999979 -0.076 3.69622183 -5.72217417 -0.076 3.69429016 -5.72269154 -0.076 3.69706106 -5.72419977 -0.076 3.69532895 -5.72520018 -0.076 3.69839597 -5.72593975 -0.076 3.69698191 -5.72735405 -0.076 3.70013571 -5.72727442 -0.076 3.69913578 -5.72900677 -0.076 3.70216155 -5.72811365 -0.076 3.70164394 -5.7300458 -0.076 3.70433569 -5.72840023 -0.076 3.70433569 -5.73040009 -0.076 3.70650983 -5.72811365 -0.076 3.70702744 -5.7300458 -0.076 3.70853567 -5.72727442 -0.076 3.7095356 -5.72900677 -0.076 3.71027541 -5.72593975 -0.076 3.71168971 -5.72735405 -0.076 3.71161032 -5.72419977 -0.076 3.71334243 -5.72520018 -0.076 3.71244955 -5.72217417 -0.076 3.71438122 -5.72269154 -0.076 3.71273565 -5.71999979 -0.076 3.71473575 -5.71999979 -0.076 3.71244955 -5.71782589 -0.076 3.71438122 -5.71730804 -0.076 3.71161032 -5.71579981 -0.076 3.71334243 -5.71479988 -0.076 3.71027541 -5.71406031 -0.076 3.71168971 -5.71264601 -0.076 3.70853567 -5.71272516 -1.07599998 3.7095356 -5.71099329 -1.07599998 3.71027541 -5.71406031 -1.07599998 3.71168971 -5.71264601 -1.07599998 3.71161032 -5.71579981 -1.07599998 3.71334243 -5.71479988 -1.07599998 3.71244955 -5.71782589 -1.07599998 3.71438122 -5.71730804 -1.07599998 3.71273565 -5.71999979 -1.07599998 3.71473575 -5.71999979 -1.07599998 3.71244955 -5.72217417 -1.07599998 3.71438122 -5.72269154 -1.07599998 3.71161032 -5.72419977 -1.07599998 3.71334243 -5.72520018 -1.07599998 3.71027541 -5.72593975 -1.07599998 3.71168971 -5.72735405 -1.07599998 3.70853567 -5.72727442 -1.07599998 3.7095356 -5.72900677 -1.07599998 3.70650983 -5.72811365 -1.07599998 3.70702744 -5.7300458 -1.07599998 3.70433569 -5.72840023 -1.07599998 3.70433569 -5.73040009 -1.07599998 3.70216155 -5.72811365 -1.07599998 3.70164394 -5.7300458 -1.07599998 3.70013571 -5.72727442 -1.07599998 3.69913578 -5.72900677 -1.07599998 3.69839597 -5.72593975 -1.07599998 3.69698191 -5.72735405 -1.07599998 3.69706106 -5.72419977 -1.07599998 3.69532895 -5.72520018 -1.07599998 3.69622183 -5.72217417 -1.07599998 3.69429016 -5.72269154 -1.07599998 3.69593573 -5.71999979 -1.07599998 3.69393563 -5.71999979 -1.07599998 3.69622183 -5.71782589 -1.07599998 3.69429016 -5.71730804 -1.07599998 3.69706106 -5.71579981 -1.07599998 3.69532895 -5.71479988 -1.07599998 3.69839597 -5.71406031 -1.07599998 3.69698191 -5.71264601 -1.07599998 3.70013571 -5.71272516 -1.07599998 3.69913578 -5.71099329 -1.07599998 3.70216155 -5.71188641 -1.07599998 3.70164394 -5.70995426 -1.07599998 3.70433569 -5.71159983 -1.07599998 3.70433569 -5.70959997 -1.07599998 3.70650983 -5.71188641 -1.07599998 3.70702744 -5.70995426 -1.07599998</float_array>
          <technique_common>
            <accessor source="#pos_49-array" count="288" stride="3">
              <param name="X" type="float"/>
              <param name="Y" type="float"/>
              <param name="Z" type="float"/>
            </accessor>
          </technique_common>
        </source>
        <source id="norm_49">
          <float_array id="norm_49-array" count="78">0 0 1 0 0 -1 1 -0 0 0.96593 0.25882 0 0.86603 0.5 0 0.70711 0.70711 0 0.5 0.86603 0 0.25882 0.96593 0 0 1 0 -0.25882 0.96593 0 -0.5 0.86603 0 -0.70711 0.70711 0 -0.86603 0.5 0 -0.96593 0.25882 0 -1 0 0 -0.96593 -0.25882 0 -0.86603 -0.5 0 -0.70711 -0.70711 0 -0.5 -0.86603 0 -0.25882 -0.96593 0 -0 -1 0 0.25882 -0.96593 0 0.5 -0.86603 0 0.70711 -0.70711 0 0.86603 -0.5 0 0.96593 -0.25882 0</float_array>
          <technique_common>
            <accessor source="#norm_49-array" count="78" stride="3">
              <param name="X" type="float"/>
              <param name="Y" type="float"/>
              <param name="Z" type="float"/>
            </accessor>
          </technique_common>
        </source>
        <vertices id="vert_49">
          <input semantic="POSITION" source="#pos_49"/>
        </vertices>
        <triangles count="144" material="mat_3">
          <input semantic="VERTEX" source="#vert_49" offset="0"/>
          <input semantic="NORMAL" source="#norm_49" offset="1"/>
          <p>0 0 1 0 2 0 2 0 1 0 3 0 2 0 3 0 4 0 4 0 3 0 5 0 4 0 5 0 6 0 6 0 5 0 7 0 6 0 7 0 8 0 8 0 7 0 9 0 8 0 9 0 10 0 10 0 9 0 11 0 10 0 11 0 12 0 12 0 11 0 13 0 12 0 13 0 14 0 14 0 13 0 15 0 14 0 15 0 16 0 16 0 15 0 17 0 16 0 17 0 18 0 18 0 17 0 19 0 18 0 19 0 20 0 20 0 19 0 21 0 20 0 21 0 22 0 22 0 21 0 23 0 22 0 23 0 24 0 24 0 23 0 25 0 24 0 25 0 26 0 26 0 25 0 27 0 26 0 27 0 28 0 28 0 27 0 29 0 28 0 29 0 30 0 30 0 29 0 31 0 30 0 31 0 32 0 32 0 31 0 33 0 32 0 33 0 34 0 34 0 33 0 35 0 34 0 35 0 36 0 36 0 35 0 37 0 36 0 37 0 38 0 38 0 37 0 39 0 38 0 39 0 40 0 40 0 39 0 41 0 40 0 41 0 42 0 42 0 41 0 43 0 42 0 43 0 44 0 44 0 43 0 45 0 44 0 45 0 46 0 46 0 45 0 47 0 46 0 47 0 0 0 0 0 47 0 1 0 48 1 49 1 50 1 50 1 49 1 51 1 50 1 51 1 52 1 52 1 51 1 53 1 52 1 53 1 54 1 54 1 53 1 55 1 54 1 55 1 56 1 56 1 55 1 57 1 56 1 57 1 58 1 58 1 57 1 59 1 58 1 59 1 60 1 60 1 59 1 61 1 60 1 61 1 62 1 62 1 61 1 63 1 62 1 63 1 64 1 64 1 63 1 65 1 64 1 65 1 66 1 66 1 65 1 67 1 66 1 67 1 68 1 68 1 67 1 69 1 68 1 69 1 70 1 70 1 69 1 71 1 70 1 71 1 72 1 72 1 71 1 73 1 72 1 73 1 74 1 74 1 73 1 75 1 74 1 75 1 76 1 76 1 75 1 77 1 76 1 77 1 78 1 78 1 77 1 79 1 78 1 79 1 80 1 80 1 79 1 81 1 80 1 81 1 82 1 82 1 81 1 83 1 82 1 83 1 84 1 84 1 83 1 85 1 84 1 85 1 86 1 86 1 85 1 87 1 86 1 87 1 88 1 88 1 87 1 89 1 88 1 89 1 90 1 90 1 89 1 91 1 90 1 91 1 92 1 92 1 91 1 93 1 92 1 93 1 94 1 94 1 93 1 95 1 94 1 95 1 48 1 48 1 95 1 49 1 80 2 16 2 78 3 78 3 16 2 18 3 78 3 18 3 76 4 76 4 18 3 20 4 76 4 20 4 74 5 74 5 20 4 22 5 74 5 22 5 72 6 72 6 22 5 24 6 72 6 24 6 70 7 70 7 24 6 26 7 70 7 26 7 68 8 68 8 26 7 28 8 68 8 28 8 66 9 66 9 28 8 30 9 66 9 30 9 64 10 64 10 30 9 32 10 64 10 32 10 62 11 62 11 32 10 34 11 62 11 34 11 60 12 60 12 34 11 36 12 60 12 36 12 58 13 58 13 36 12 38 13 58 13 38 13 56 14 56 14 38 13 40 14 56 14 40 14 54 15 54 15 40 14 42 15 54 15 42 15 52 16 52 16 42 15 44 16 52 16 44 16 50 17 50 17 44 16 46 17 50 17 46 17 48 18 48 18 46 17 0 18 48 18 0 18 94 19 94 19 0 18 2 19 94 19 2 19 92 20 92 20 2 19 4 20 92 20 4 20 90 21 90 21 4 20 6 21 90 21 6 21 88 22 88 22 6 21 8 22 88 22 8 22 86 23 86 23 8 22 10 23 86 23 10 23 84 24 84 24 10 23 12 24 84 24 12 24 82 25 82 25 12 24 14 25 82 25 14 25 80 2 80 2 14 25 16 2</p>
        </triangles>
      </mesh>
    </geometry>
    <geometry id="geometry_2b281b92_e9da_4d50_b22e_d60d0ead50e3">
      <mesh>
        <source id="pos_50">
          <float_array id="pos_50-array" count="12">1.00433564 -6 0.001 1.80433571 -6 0.001 1.00433564 -5.19999981 0.001 1.80433571 -5.19999981 0.001</float_array>
          <technique_common>
            <accessor source="#pos_50-array" count="12" stride="3">
              <param name="X" type="float"/>
              <param name="Y" type="float"/>
              <param name="Z" type="float"/>
            </accessor>
          </technique_common>
        </source>
        <source id="norm_50">
          <float_array id="norm_50-array" count="3">0 0 1</float_array>
          <technique_common>
            <accessor source="#norm_50-array" count="3" stride="3">
              <param name="X" type="float"/>
              <param name="Y" type="float"/>
              <param name="Z" type="float"/>
            </accessor>
          </technique_common>
        </source>
        <vertices id="vert_50">
          <input semantic="POSITION" source="#pos_50"/>
        </vertices>
        <triangles count="2" material="mat_18">
          <input semantic="VERTEX" source="#vert_50" offset="0"/>
          <input semantic="NORMAL" source="#norm_50" offset="1"/>
          <p>0 0 1 0 2 0 2 0 1 0 3 0</p>
        </triangles>
      </mesh>
    </geometry>
    <geometry id="geometry_f10c6d30_1bd4_496c_a9a3_8b5abfd3071b">
      <mesh>
        <source id="pos_51">
          <float_array id="pos_51-array" count="30">1.80433571 -6 0 1.00433564 -6 0 1.80433571 -5.19999981 0 1.00433564 -5.19999981 0 1.80433571 -5.19999981 0.001 1.00433564 -5.19999981 0.001 1.80433571 -6 -0 1.80433571 -6 0.001 1.00433564 -6 -0 1.00433564 -6 0.001</float_array>
          <technique_common>
            <accessor source="#pos_51-array" count="30" stride="3">
              <param name="X" type="float"/>
              <param name="Y" type="float"/>
              <param name="Z" type="float"/>
            </accessor>
          </technique_common>
        </source>
        <source id="norm_51">
          <float_array id="norm_51-array" count="15">0 0 -1 0 1 0 1 0 0 0 -1 0 -1 0 0</float_array>
          <technique_common>
            <accessor source="#norm_51-array" count="15" stride="3">
              <param name="X" type="float"/>
              <param name="Y" type="float"/>
              <param name="Z" type="float"/>
            </accessor>
          </technique_common>
        </source>
        <vertices id="vert_51">
          <input semantic="POSITION" source="#pos_51"/>
        </vertices>
        <triangles count="10" material="mat_3">
          <input semantic="VERTEX" source="#vert_51" offset="0"/>
          <input semantic="NORMAL" source="#norm_51" offset="1"/>
          <p>0 0 1 0 2 0 2 0 1 0 3 0 2 1 3 1 4 1 4 1 3 1 5 1 6 2 2 2 7 2 7 2 2 2 4 2 8 3 6 3 9 3 9 3 6 3 7 3 3 4 8 4 5 4 5 4 8 4 9 4</p>
        </triangles>
      </mesh>
    </geometry>
    <geometry id="geometry_caf7a8ed_a26f_4187_a29a_bcc08460a8a2">
      <mesh>
        <source id="pos_52">
          <float_array id="pos_52-array" count="36">5.0250001 -6 -0 5.0250001 -5 -0 6.0250001 -6 -0 6.0250001 -5 -0 5.0250001 -5 0.001 5.0250001 -6 0.001 6.0250001 -5 0.001 6.0250001 -6 0.001 6.0250001 -6 -0 6.0250001 -5 -0 5.0250001 -6 -0 5.0250001 -5 0</float_array>
          <technique_common>
            <accessor source="#pos_52-array" count="36" stride="3">
              <param name="X" type="float"/>
              <param name="Y" type="float"/>
              <param name="Z" type="float"/>
            </accessor>
          </technique_common>
        </source>
        <source id="norm_52">
          <float_array id="norm_52-array" count="18">0 0 -1 0 0 1 1 0 0 0 -1 0 -1 0 0 0 1 0</float_array>
          <technique_common>
            <accessor source="#norm_52-array" count="18" stride="3">
              <param name="X" type="float"/>
              <param name="Y" type="float"/>
              <param name="Z" type="float"/>
            </accessor>
          </technique_common>
        </source>
        <vertices id="vert_52">
          <input semantic="POSITION" source="#pos_52"/>
        </vertices>
        <triangles count="12" material="mat_11">
          <input semantic="VERTEX" source="#vert_52" offset="0"/>
          <input semantic="NORMAL" source="#norm_52" offset="1"/>
          <p>0 0 1 0 2 0 2 0 1 0 3 0 4 1 5 1 6 1 6 1 5 1 7 1 8 2 9 2 7 2 7 2 9 2 6 2 10 3 8 3 5 3 5 3 8 3 7 3 11 4 10 4 4 4 4 4 10 4 5 4 9 5 11 5 6 5 6 5 11 5 4 5</p>
        </triangles>
      </mesh>
    </geometry>
    <geometry id="geometry_22127337_060e_4579_b209_3fc6defc7dfd">
      <mesh>
        <source id="pos_53">
          <float_array id="pos_53-array" count="96">-0.025 -4 0 -0.025 -4.03000021 0 -1.22500002 -4 0 -6.0250001 -4.03000021 0 -6.0250001 -4 0 -4.82499981 -4 0 -1.255 3.45000005 0 -1.22500002 3.45000005 0 -1.255 2 0 -6.0250001 1.97000003 0 -6.0250001 2 0 -4.82499981 1.97000003 0 -1.255 -2.79999995 0 -1.255 -4 0 -4.79500008 -4 0 -4.79500008 -2.79999995 0 -6.0250001 2 0.001 -6.0250001 1.97000003 0.001 -4.82499981 1.97000003 0.001 -6.0250001 -4 0.001 -6.0250001 -4.03000021 0.001 -4.82499981 -4 0.001 -0.025 -4.03000021 0.001 -1.255 2 0.001 -4.79500008 -2.79999995 0.001 -1.255 -2.79999995 0.001 -0.025 -4 0.001 -1.22500002 -4 0.001 -1.255 3.45000005 0.001 -1.22500002 3.45000005 0.001 -1.255 -4 0.001 -4.79500008 -4 0.001</float_array>
          <technique_common>
            <accessor source="#pos_53-array" count="96" stride="3">
              <param name="X" type="float"/>
              <param name="Y" type="float"/>
              <param name="Z" type="float"/>
            </accessor>
          </technique_common>
        </source>
        <source id="norm_53">
          <float_array id="norm_53-array" count="18">0 0 -1 0 0 1 0 1 0 -1 0 0 0 -1 0 1 0 0</float_array>
          <technique_common>
            <accessor source="#norm_53-array" count="18" stride="3">
              <param name="X" type="float"/>
              <param name="Y" type="float"/>
              <param name="Z" type="float"/>
            </accessor>
          </technique_common>
        </source>
        <vertices id="vert_53">
          <input semantic="POSITION" source="#pos_53"/>
        </vertices>
        <triangles count="64" material="mat_19">
          <input semantic="VERTEX" source="#vert_53" offset="0"/>
          <input semantic="NORMAL" source="#norm_53" offset="1"/>
          <p>0 0 1 0 2 0 2 0 1 0 3 0 3 0 4 0 5 0 6 0 7 0 8 0 8 0 7 0 2 0 9 0 10 0 11 0 11 0 10 0 8 0 11 0 8 0 12 0 12 0 8 0 2 0 12 0 2 0 13 0 13 0 2 0 3 0 13 0 3 0 14 0 14 0 3 0 5 0 14 0 5 0 15 0 15 0 5 0 11 0 15 0 11 0 12 0 16 1 17 1 18 1 19 1 20 1 21 1 21 1 20 1 22 1 23 1 24 1 25 1 22 1 26 1 27 1 28 1 23 1 29 1 29 1 23 1 25 1 29 1 25 1 27 1 27 1 25 1 30 1 27 1 30 1 22 1 22 1 30 1 31 1 22 1 31 1 21 1 21 1 31 1 24 1 21 1 24 1 18 1 18 1 24 1 23 1 18 1 23 1 16 1 28 2 29 2 6 2 6 2 29 2 7 2 23 3 28 3 8 3 8 3 28 3 6 3 16 2 23 2 10 2 10 2 23 2 8 2 17 3 16 3 9 3 9 3 16 3 10 3 18 4 17 4 11 4 11 4 17 4 9 4 21 3 18 3 5 3 5 3 18 3 11 3 19 2 21 2 4 2 4 2 21 2 5 2 20 3 19 3 3 3 3 3 19 3 4 3 22 4 20 4 1 4 1 4 20 4 3 4 26 5 22 5 0 5 0 5 22 5 1 5 27 2 26 2 2 2 2 2 26 2 0 2 29 5 27 5 7 5 7 5 27 5 2 5 30 3 25 3 13 3 13 3 25 3 12 3 31 2 30 2 14 2 14 2 30 2 13 2 24 5 31 5 15 5 15 5 31 5 14 5 25 4 24 4 12 4 12 4 24 4 15 4</p>
        </triangles>
      </mesh>
    </geometry>
    <geometry id="geometry_da7dbb62_997d_45c7_94a2_3641947ff331">
      <mesh>
        <source id="pos_54">
          <float_array id="pos_54-array" count="120">4.82499981 2 0 6.0250001 2 0 4.82499981 1.97000003 0 6.0250001 1.97000003 0 6.0250001 2 0.001 4.82499981 2 0.001 6.0250001 1.97000003 0.001 4.82499981 1.97000003 0.001 4.79500008 -4 0 4.79500008 -2.79999995 0 4.82499981 -2.79999995 0 6.0250001 -4 0 6.0250001 -4.03000021 0 4.82499981 -4 0 0.025 -4.03000021 0 0.025 -4 0 1.22500002 -4 0 1.255 -4 0 1.255 -2.79999995 0 1.22500002 -2.79999995 0 1.22500002 -4 0.001 0.025 -4 0.001 0.025 -4.03000021 0.001 4.82499981 -2.79999995 0.001 4.79500008 -2.79999995 0.001 4.82499981 -4 0.001 4.79500008 -4 0.001 1.255 -4 0.001 1.255 -2.79999995 0.001 1.22500002 -2.79999995 0.001 6.0250001 -4.03000021 0.001 6.0250001 -4 0.001 1.255 3.45000005 0 1.255 2 0 1.22500002 3.45000005 0 1.22500002 2 0 1.255 2 0.001 1.255 3.45000005 0.001 1.22500002 2 0.001 1.22500002 3.45000005 0.001</float_array>
          <technique_common>
            <accessor source="#pos_54-array" count="120" stride="3">
              <param name="X" type="float"/>
              <param name="Y" type="float"/>
              <param name="Z" type="float"/>
            </accessor>
          </technique_common>
        </source>
        <source id="norm_54">
          <float_array id="norm_54-array" count="18">0 0 -1 0 0 1 0 -1 0 1 0 0 0 1 0 -1 0 0</float_array>
          <technique_common>
            <accessor source="#norm_54-array" count="18" stride="3">
              <param name="X" type="float"/>
              <param name="Y" type="float"/>
              <param name="Z" type="float"/>
            </accessor>
          </technique_common>
        </source>
        <vertices id="vert_54">
          <input semantic="POSITION" source="#pos_54"/>
        </vertices>
        <triangles count="68" material="mat_20">
          <input semantic="VERTEX" source="#vert_54" offset="0"/>
          <input semantic="NORMAL" source="#norm_54" offset="1"/>
          <p>0 0 1 0 2 0 2 0 1 0 3 0 4 1 5 1 6 1 6 1 5 1 7 1 6 2 7 2 3 2 3 2 7 2 2 2 4 3 6 3 1 3 1 3 6 3 3 3 5 4 4 4 0 4 0 4 4 4 1 4 7 5 5 5 2 5 2 5 5 5 0 5 8 0 9 0 10 0 11 0 12 0 13 0 13 0 12 0 14 0 14 0 15 0 16 0 10 0 13 0 8 0 8 0 13 0 14 0 8 0 14 0 17 0 17 0 14 0 16 0 17 0 16 0 18 0 18 0 16 0 19 0 20 1 21 1 22 1 23 1 24 1 25 1 25 1 24 1 26 1 27 1 28 1 29 1 29 1 20 1 27 1 27 1 20 1 22 1 27 1 22 1 26 1 26 1 22 1 30 1 26 1 30 1 25 1 25 1 30 1 31 1 23 3 25 3 10 3 10 3 25 3 13 3 24 4 23 4 9 4 9 4 23 4 10 4 26 5 24 5 8 5 8 5 24 5 9 5 27 4 26 4 17 4 17 4 26 4 8 4 28 3 27 3 18 3 18 3 27 3 17 3 29 4 28 4 19 4 19 4 28 4 18 4 20 5 29 5 16 5 16 5 29 5 19 5 21 4 20 4 15 4 15 4 20 4 16 4 22 5 21 5 14 5 14 5 21 5 15 5 30 2 22 2 12 2 12 2 22 2 14 2 31 3 30 3 11 3 11 3 30 3 12 3 25 4 31 4 13 4 13 4 31 4 11 4 32 0 33 0 34 0 34 0 33 0 35 0 36 1 37 1 38 1 38 1 37 1 39 1 38 5 39 5 35 5 35 5 39 5 34 5 36 2 38 2 33 2 33 2 38 2 35 2 37 3 36 3 32 3 32 3 36 3 33 3 39 4 37 4 34 4 34 4 37 4 32 4</p>
        </triangles>
      </mesh>
    </geometry>
    <geometry id="geometry_b1fe8e3e_32dc_4d97_bac0_e7c093d48298">
      <mesh>
        <source id="pos_55">
          <float_array id="pos_55-array" count="144">3.69393563 -5.71999979 -0.076 3.69429016 -5.72269154 -1.07599998 3.69429016 -5.72269154 -0.076 3.69532895 -5.72520018 -1.07599998 3.69532895 -5.72520018 -0.076 3.69698191 -5.72735405 -1.07599998 3.69698191 -5.72735405 -0.076 3.69913578 -5.72900677 -1.07599998 3.69913578 -5.72900677 -0.076 3.70164394 -5.7300458 -1.07599998 3.70164394 -5.7300458 -0.076 3.70433569 -5.73040009 -1.07599998 3.70433569 -5.73040009 -0.076 3.70702744 -5.7300458 -1.07599998 3.70702744 -5.7300458 -0.076 3.7095356 -5.72900677 -1.07599998 3.7095356 -5.72900677 -0.076 3.71168971 -5.72735405 -1.07599998 3.71168971 -5.72735405 -0.076 3.71334243 -5.72520018 -1.07599998 3.71334243 -5.72520018 -0.076 3.71438122 -5.72269154 -1.07599998 3.71438122 -5.72269154 -0.076 3.71473575 -5.71999979 -1.07599998 3.71473575 -5.71999979 -0.076 3.71438122 -5.71730804 -1.07599998 3.71438122 -5.71730804 -0.076 3.71334243 -5.71479988 -1.07599998 3.71334243 -5.71479988 -0.076 3.71168971 -5.71264601 -1.07599998 3.71168971 -5.71264601 -0.076 3.7095356 -5.71099329 -1.07599998 3.7095356 -5.71099329 -0.076 3.70702744 -5.70995426 -1.07599998 3.70702744 -5.70995426 -0.076 3.70433569 -5.70959997 -1.07599998 3.70433569 -5.70959997 -0.076 3.70164394 -5.70995426 -1.07599998 3.70164394 -5.70995426 -0.076 3.69913578 -5.71099329 -1.07599998 3.69913578 -5.71099329 -0.076 3.69698191 -5.71264601 -1.07599998 3.69698191 -5.71264601 -0.076 3.69532895 -5.71479988 -1.07599998 3.69532895 -5.71479988 -0.076 3.69429016 -5.71730804 -1.07599998 3.69429016 -5.71730804 -0.076 3.69393563 -5.71999979 -1.07599998</float_array>
          <technique_common>
            <accessor source="#pos_55-array" count="144" stride="3">
              <param name="X" type="float"/>
              <param name="Y" type="float"/>
              <param name="Z" type="float"/>
            </accessor>
          </technique_common>
        </source>
        <source id="norm_55">
          <float_array id="norm_55-array" count="72">-1 0 0 -0.96593 -0.25882 0 -0.86603 -0.5 0 -0.70711 -0.70711 0 -0.5 -0.86603 0 -0.25882 -0.96593 0 -0 -1 0 0.25882 -0.96593 0 0.5 -0.86603 0 0.70711 -0.70711 0 0.86603 -0.5 0 0.96593 -0.25882 0 1 -0 0 0.96593 0.25882 0 0.86603 0.5 0 0.70711 0.70711 0 0.5 0.86603 0 0.25882 0.96593 0 0 1 0 -0.25882 0.96593 0 -0.5 0.86603 0 -0.70711 0.70711 0 -0.86603 0.5 0 -0.96593 0.25882 0</float_array>
          <technique_common>
            <accessor source="#norm_55-array" count="72" stride="3">
              <param name="X" type="float"/>
              <param name="Y" type="float"/>
              <param name="Z" type="float"/>
            </accessor>
          </technique_common>
        </source>
        <vertices id="vert_55">
          <input semantic="POSITION" source="#pos_55"/>
        </vertices>
        <triangles count="48" material="mat_16">
          <input semantic="VERTEX" source="#vert_55" offset="0"/>
          <input semantic="NORMAL" source="#norm_55" offset="1"/>
          <p>0 0 1 1 2 1 2 1 1 1 3 2 2 1 3 2 4 2 4 2 3 2 5 3 4 2 5 3 6 3 6 3 5 3 7 4 6 3 7 4 8 4 8 4 7 4 9 5 8 4 9 5 10 5 10 5 9 5 11 6 10 5 11 6 12 6 12 6 11 6 13 7 12 6 13 7 14 7 14 7 13 7 15 8 14 7 15 8 16 8 16 8 15 8 17 9 16 8 17 9 18 9 18 9 17 9 19 10 18 9 19 10 20 10 20 10 19 10 21 11 20 10 21 11 22 11 22 11 21 11 23 12 22 11 23 12 24 12 24 12 23 12 25 13 24 12 25 13 26 13 26 13 25 13 27 14 26 13 27 14 28 14 28 14 27 14 29 15 28 14 29 15 30 15 30 15 29 15 31 16 30 15 31 16 32 16 32 16 31 16 33 17 32 16 33 17 34 17 34 17 33 17 35 18 34 17 35 18 36 18 36 18 35 18 37 19 36 18 37 19 38 19 38 19 37 19 39 20 38 19 39 20 40 20 40 20 39 20 41 21 40 20 41 21 42 21 42 21 41 21 43 22 42 21 43 22 44 22 44 22 43 22 45 23 44 22 45 23 46 23 46 23 45 23 47 0 46 23 47 0 0 0 0 0 47 0 1 1</p>
        </triangles>
      </mesh>
    </geometry>
    <geometry id="geometry_256d53e8_aa27_4542_8016_614f07f26e77">
      <mesh>
        <source id="pos_56">
          <float_array id="pos_56-array" count="288">3.70853567 -5.71272516 -0.076 3.7095356 -5.71099329 -0.076 3.70650983 -5.71188641 -0.076 3.70702744 -5.70995426 -0.076 3.70433569 -5.71159983 -0.076 3.70433569 -5.70959997 -0.076 3.70216155 -5.71188641 -0.076 3.70164394 -5.70995426 -0.076 3.70013571 -5.71272516 -0.076 3.69913578 -5.71099329 -0.076 3.69839597 -5.71406031 -0.076 3.69698191 -5.71264601 -0.076 3.69706106 -5.71579981 -0.076 3.69532895 -5.71479988 -0.076 3.69622183 -5.71782589 -0.076 3.69429016 -5.71730804 -0.076 3.69593573 -5.71999979 -0.076 3.69393563 -5.71999979 -0.076 3.69622183 -5.72217417 -0.076 3.69429016 -5.72269154 -0.076 3.69706106 -5.72419977 -0.076 3.69532895 -5.72520018 -0.076 3.69839597 -5.72593975 -0.076 3.69698191 -5.72735405 -0.076 3.70013571 -5.72727442 -0.076 3.69913578 -5.72900677 -0.076 3.70216155 -5.72811365 -0.076 3.70164394 -5.7300458 -0.076 3.70433569 -5.72840023 -0.076 3.70433569 -5.73040009 -0.076 3.70650983 -5.72811365 -0.076 3.70702744 -5.7300458 -0.076 3.70853567 -5.72727442 -0.076 3.7095356 -5.72900677 -0.076 3.71027541 -5.72593975 -0.076 3.71168971 -5.72735405 -0.076 3.71161032 -5.72419977 -0.076 3.71334243 -5.72520018 -0.076 3.71244955 -5.72217417 -0.076 3.71438122 -5.72269154 -0.076 3.71273565 -5.71999979 -0.076 3.71473575 -5.71999979 -0.076 3.71244955 -5.71782589 -0.076 3.71438122 -5.71730804 -0.076 3.71161032 -5.71579981 -0.076 3.71334243 -5.71479988 -0.076 3.71027541 -5.71406031 -0.076 3.71168971 -5.71264601 -0.076 3.70853567 -5.71272516 -1.07599998 3.7095356 -5.71099329 -1.07599998 3.71027541 -5.71406031 -1.07599998 3.71168971 -5.71264601 -1.07599998 3.71161032 -5.71579981 -1.07599998 3.71334243 -5.71479988 -1.07599998 3.71244955 -5.71782589 -1.07599998 3.71438122 -5.71730804 -1.07599998 3.71273565 -5.71999979 -1.07599998 3.71473575 -5.71999979 -1.07599998 3.71244955 -5.72217417 -1.07599998 3.71438122 -5.72269154 -1.07599998 3.71161032 -5.72419977 -1.07599998 3.71334243 -5.72520018 -1.07599998 3.71027541 -5.72593975 -1.07599998 3.71168971 -5.72735405 -1.07599998 3.70853567 -5.72727442 -1.07599998 3.7095356 -5.72900677 -1.07599998 3.70650983 -5.72811365 -1.07599998 3.70702744 -5.7300458 -1.07599998 3.70433569 -5.72840023 -1.07599998 3.70433569 -5.73040009 -1.07599998 3.70216155 -5.72811365 -1.07599998 3.70164394 -5.7300458 -1.07599998 3.70013571 -5.72727442 -1.07599998 3.69913578 -5.72900677 -1.07599998 3.69839597 -5.72593975 -1.07599998 3.69698191 -5.72735405 -1.07599998 3.69706106 -5.72419977 -1.07599998 3.69532895 -5.72520018 -1.07599998 3.69622183 -5.72217417 -1.07599998 3.69429016 -5.72269154 -1.07599998 3.69593573 -5.71999979 -1.07599998 3.69393563 -5.71999979 -1.07599998 3.69622183 -5.71782589 -1.07599998 3.69429016 -5.71730804 -1.07599998 3.69706106 -5.71579981 -1.07599998 3.69532895 -5.71479988 -1.07599998 3.69839597 -5.71406031 -1.07599998 3.69698191 -5.71264601 -1.07599998 3.70013571 -5.71272516 -1.07599998 3.69913578 -5.71099329 -1.07599998 3.70216155 -5.71188641 -1.07599998 3.70164394 -5.70995426 -1.07599998 3.70433569 -5.71159983 -1.07599998 3.70433569 -5.70959997 -1.07599998 3.70650983 -5.71188641 -1.07599998 3.70702744 -5.70995426 -1.07599998</float_array>
          <technique_common>
            <accessor source="#pos_56-array" count="288" stride="3">
              <param name="X" type="float"/>
              <param name="Y" type="float"/>
              <param name="Z" type="float"/>
            </accessor>
          </technique_common>
        </source>
        <source id="norm_56">
          <float_array id="norm_56-array" count="78">0 0 1 0 0 -1 1 -0 0 0.96593 0.25882 0 0.86603 0.5 0 0.70711 0.70711 0 0.5 0.86603 0 0.25882 0.96593 0 0 1 0 -0.25882 0.96593 0 -0.5 0.86603 0 -0.70711 0.70711 0 -0.86603 0.5 0 -0.96593 0.25882 0 -1 0 0 -0.96593 -0.25882 0 -0.86603 -0.5 0 -0.70711 -0.70711 0 -0.5 -0.86603 0 -0.25882 -0.96593 0 -0 -1 0 0.25882 -0.96593 0 0.5 -0.86603 0 0.70711 -0.70711 0 0.86603 -0.5 0 0.96593 -0.25882 0</float_array>
          <technique_common>
            <accessor source="#norm_56-array" count="78" stride="3">
              <param name="X" type="float"/>
              <param name="Y" type="float"/>
              <param name="Z" type="float"/>
            </accessor>
          </technique_common>
        </source>
        <vertices id="vert_56">
          <input semantic="POSITION" source="#pos_56"/>
        </vertices>
        <triangles count="144" material="mat_3">
          <input semantic="VERTEX" source="#vert_56" offset="0"/>
          <input semantic="NORMAL" source="#norm_56" offset="1"/>
          <p>0 0 1 0 2 0 2 0 1 0 3 0 2 0 3 0 4 0 4 0 3 0 5 0 4 0 5 0 6 0 6 0 5 0 7 0 6 0 7 0 8 0 8 0 7 0 9 0 8 0 9 0 10 0 10 0 9 0 11 0 10 0 11 0 12 0 12 0 11 0 13 0 12 0 13 0 14 0 14 0 13 0 15 0 14 0 15 0 16 0 16 0 15 0 17 0 16 0 17 0 18 0 18 0 17 0 19 0 18 0 19 0 20 0 20 0 19 0 21 0 20 0 21 0 22 0 22 0 21 0 23 0 22 0 23 0 24 0 24 0 23 0 25 0 24 0 25 0 26 0 26 0 25 0 27 0 26 0 27 0 28 0 28 0 27 0 29 0 28 0 29 0 30 0 30 0 29 0 31 0 30 0 31 0 32 0 32 0 31 0 33 0 32 0 33 0 34 0 34 0 33 0 35 0 34 0 35 0 36 0 36 0 35 0 37 0 36 0 37 0 38 0 38 0 37 0 39 0 38 0 39 0 40 0 40 0 39 0 41 0 40 0 41 0 42 0 42 0 41 0 43 0 42 0 43 0 44 0 44 0 43 0 45 0 44 0 45 0 46 0 46 0 45 0 47 0 46 0 47 0 0 0 0 0 47 0 1 0 48 1 49 1 50 1 50 1 49 1 51 1 50 1 51 1 52 1 52 1 51 1 53 1 52 1 53 1 54 1 54 1 53 1 55 1 54 1 55 1 56 1 56 1 55 1 57 1 56 1 57 1 58 1 58 1 57 1 59 1 58 1 59 1 60 1 60 1 59 1 61 1 60 1 61 1 62 1 62 1 61 1 63 1 62 1 63 1 64 1 64 1 63 1 65 1 64 1 65 1 66 1 66 1 65 1 67 1 66 1 67 1 68 1 68 1 67 1 69 1 68 1 69 1 70 1 70 1 69 1 71 1 70 1 71 1 72 1 72 1 71 1 73 1 72 1 73 1 74 1 74 1 73 1 75 1 74 1 75 1 76 1 76 1 75 1 77 1 76 1 77 1 78 1 78 1 77 1 79 1 78 1 79 1 80 1 80 1 79 1 81 1 80 1 81 1 82 1 82 1 81 1 83 1 82 1 83 1 84 1 84 1 83 1 85 1 84 1 85 1 86 1 86 1 85 1 87 1 86 1 87 1 88 1 88 1 87 1 89 1 88 1 89 1 90 1 90 1 89 1 91 1 90 1 91 1 92 1 92 1 91 1 93 1 92 1 93 1 94 1 94 1 93 1 95 1 94 1 95 1 48 1 48 1 95 1 49 1 80 2 16 2 78 3 78 3 16 2 18 3 78 3 18 3 76 4 76 4 18 3 20 4 76 4 20 4 74 5 74 5 20 4 22 5 74 5 22 5 72 6 72 6 22 5 24 6 72 6 24 6 70 7 70 7 24 6 26 7 70 7 26 7 68 8 68 8 26 7 28 8 68 8 28 8 66 9 66 9 28 8 30 9 66 9 30 9 64 10 64 10 30 9 32 10 64 10 32 10 62 11 62 11 32 10 34 11 62 11 34 11 60 12 60 12 34 11 36 12 60 12 36 12 58 13 58 13 36 12 38 13 58 13 38 13 56 14 56 14 38 13 40 14 56 14 40 14 54 15 54 15 40 14 42 15 54 15 42 15 52 16 52 16 42 15 44 16 52 16 44 16 50 17 50 17 44 16 46 17 50 17 46 17 48 18 48 18 46 17 0 18 48 18 0 18 94 19 94 19 0 18 2 19 94 19 2 19 92 20 92 20 2 19 4 20 92 20 4 20 90 21 90 21 4 20 6 21 90 21 6 21 88 22 88 22 6 21 8 22 88 22 8 22 86 23 86 23 8 22 10 23 86 23 10 23 84 24 84 24 10 23 12 24 84 24 12 24 82 25 82 25 12 24 14 25 82 25 14 25 80 2 80 2 14 25 16 2</p>
        </triangles>
      </mesh>
    </geometry>
  </library_geometries>
  <library_visual_scenes>
    <visual_scene id="DefaultScene">
      <node id="node_7b31ad66_2e03_40eb_812f_33ebde3723e7" type="NODE">
        <matrix>1 0 0 0 0 1 0 0 0 0 1 0 0 0 0 1</matrix>
        <node id="node_2ac3d699_40b4_4881_9e78_bdd0ac1633b3" type="NODE">
          <matrix>1 0 0 0 0 1 0 0 0 0 1 0 0 0 0 1</matrix>
          <node id="node_c55b080e_918e_4144_83d7_4fb71aaf5784" type="NODE">
            <matrix>0.9095481038093567 -0.21379400789737701 0.3563907742500305 17.192045211791992 0 0.8575358390808105 0.514424204826355 24.815467834472656 -0.41559866070747375 -0.4678935408592224 0.779970109462738 38.810218811035156 0 0 0 1</matrix>
          </node>
          <node id="node_9c0e7b91_0851_4043_a2c1_1715383d885e" type="NODE">
            <matrix>1 0 0 0 0 1 0 0 0 0 1 0 0 0 0 1</matrix>
            <node id="node_4926e078_e5f1_482c_8b0d_f08d499b4211" type="NODE">
              <matrix>1 0 0 0 0 1 0 0 0 0 1 0 0 0 0 1</matrix>
              <node id="node_0dce0644_3bad_4c4e_b8c6_b2172dd74e95" type="NODE">
                <matrix>1 0 0 0 0 1 0 0 0 0 1 0 0 0 0 1</matrix>
                <node id="node_0dce0644_3bad_4c4e_b8c6_b2172dd74e95_mesh0" type="NODE">
                  <matrix>1 0 0 0 0 1 0 0 0 0 1 0 0 0 0 1</matrix>
                  <instance_geometry url="#geometry_3e8df8f0_3d72_4690_b8bf_de74dfd6bd10">
                    <bind_material>
                      <technique_common>
                        <instance_material symbol="mat_0" target="#mat_0"/>
                      </technique_common>
                    </bind_material>
                  </instance_geometry>
                </node>
              </node>
              <node id="node_c9897dbb_a128_4a89_896e_b59821cb2bdb" type="NODE">
                <matrix>-1 0 0 0 0 1 0 0 0 0 -1 0 0 0 0 1</matrix>
                <node id="node_c9897dbb_a128_4a89_896e_b59821cb2bdb_mesh0" type="NODE">
                  <matrix>1 0 0 0 0 1 0 0 0 0 1 0 0 0 0 1</matrix>
                  <instance_geometry url="#geometry_6f11e35d_c972_4e40_a4de_e092e36c401d">
                    <bind_material>
                      <technique_common>
                        <instance_material symbol="mat_1" target="#mat_1"/>
                      </technique_common>
                    </bind_material>
                  </instance_geometry>
                </node>
              </node>
              <node id="node_d040f70e_93c3_4127_915a_47a33f8febb4" type="NODE">
                <matrix>-1 0 0 0 0 1 0 0 0 0 -1 0 0 0 0 1</matrix>
                <node id="node_d040f70e_93c3_4127_915a_47a33f8febb4_mesh0" type="NODE">
                  <matrix>1 0 0 0 0 1 0 0 0 0 1 0 0 0 0 1</matrix>
                  <instance_geometry url="#geometry_c26db2ac_3757_4a58_86e8_92d7bcfcb60a">
                    <bind_material>
                      <technique_common>
                        <instance_material symbol="mat_2" target="#mat_2"/>
                      </technique_common>
                    </bind_material>
                  </instance_geometry>
                </node>
              </node>
              <node id="node_3e58c19d_8293_4ff8_b2d0_ff7532bcb708" type="NODE">
                <matrix>1 0 0 0 0 1 0 0 0 0 1 0 0 0 0 1</matrix>
                <node id="node_3e58c19d_8293_4ff8_b2d0_ff7532bcb708_mesh0" type="NODE">
                  <matrix>1 0 0 0 0 1 0 0 0 0 1 0 0 0 0 1</matrix>
                  <instance_geometry url="#geometry_9730e036_650b_4a8d_9567_f3b49adca396">
                    <bind_material>
                      <technique_common>
                        <instance_material symbol="mat_1" target="#mat_1"/>
                      </technique_common>
                    </bind_material>
                  </instance_geometry>
                </node>
                <node id="node_3e58c19d_8293_4ff8_b2d0_ff7532bcb708_mesh1" type="NODE">
                  <matrix>1 0 0 0 0 1 0 0 0 0 1 0 0 0 0 1</matrix>
                  <instance_geometry url="#geometry_0b069b20_83ae_400d_9aec_562d4b775913">
                    <bind_material>
                      <technique_common>
                        <instance_material symbol="mat_3" target="#mat_3"/>
                      </technique_common>
                    </bind_material>
                  </instance_geometry>
                </node>
              </node>
              <node id="node_01f86e31_9f60_4cc3_8c13_52559200623c" type="NODE">
                <matrix>1 0 0 0 0 1 0 0 0 0 1 0 0 0 0 1</matrix>
                <node id="node_01f86e31_9f60_4cc3_8c13_52559200623c_mesh0" type="NODE">
                  <matrix>1 0 0 0 0 1 0 0 0 0 1 0 0 0 0 1</matrix>
                  <instance_geometry url="#geometry_8055f32c_9022_4e79_9bd0_dce002394f16">
                    <bind_material>
                      <technique_common>
                        <instance_material symbol="mat_2" target="#mat_2"/>
                      </technique_common>
                    </bind_material>
                  </instance_geometry>
                </node>
              </node>
              <node id="node_f46e5caf_47a3_4ac1_855c_6ee66343501b" type="NODE">
                <matrix>-1 0 0 0 0 1 0 0 0 0 -1 0 0 0 0 1</matrix>
                <node id="node_f46e5caf_47a3_4ac1_855c_6ee66343501b_mesh0" type="NODE">
                  <matrix>1 0 0 0 0 1 0 0 0 0 1 0 0 0 0 1</matrix>
                  <instance_geometry url="#geometry_5d61dd86_a87f_4e4c_8b08_3d37f7852541">
                    <bind_material>
                      <technique_common>
                        <instance_material symbol="mat_4" target="#mat_4"/>
                      </technique_common>
                    </bind_material>
                  </instance_geometry>
                </node>
              </node>
              <node id="node_08c384f7_fe87_455e_8e60_f551402cf545" type="NODE">
                <matrix>1 0 0 0 0 1 0 0 0 0 1 0 0 0 0 1</matrix>
                <node id="node_08c384f7_fe87_455e_8e60_f551402cf545_mesh0" type="NODE">
                  <matrix>1 0 0 0 0 1 0 0 0 0 1 0 0 0 0 1</matrix>
                  <instance_geometry url="#geometry_7e326024_404f_419f_8331_c0d46d060b3f">
                    <bind_material>
                      <technique_common>
                        <instance_material symbol="mat_5" target="#mat_5"/>
                      </technique_common>
                    </bind_material>
                  </instance_geometry>
                </node>
              </node>
              <node id="node_d7b1ae9c_6024_4448_8e12_bdd9648f9247" type="NODE">
                <matrix>-1 0 0 0 0 1 0 0 0 0 -1 0 0 0 0 1</matrix>
                <node id="node_d7b1ae9c_6024_4448_8e12_bdd9648f9247_mesh0" type="NODE">
                  <matrix>1 0 0 0 0 1 0 0 0 0 1 0 0 0 0 1</matrix>
                  <instance_geometry url="#geometry_6cfacbc0_9193_49bd_a50a_81e02737082a">
                    <bind_material>
                      <technique_common>
                        <instance_material symbol="mat_0" target="#mat_0"/>
                      </technique_common>
                    </bind_material>
                  </instance_geometry>
                </node>
              </node>
              <node id="node_d654c6ff_1cf2_4b9e_a414_867f307ee229" type="NODE">
                <matrix>1 0 0 0 0 1 0 0 0 0 1 0 0 0 0 1</matrix>
                <node id="node_d654c6ff_1cf2_4b9e_a414_867f307ee229_mesh0" type="NODE">
                  <matrix>1 0 0 0 0 1 0 0 0 0 1 0 0 0 0 1</matrix>
                  <instance_geometry url="#geometry_c815ac5b_58f1_4b83_b873_fad0b344bd2a">
                    <bind_material>
                      <technique_common>
                        <instance_material symbol="mat_6" target="#mat_6"/>
                      </technique_common>
                    </bind_material>
                  </instance_geometry>
                </node>
                <node id="node_d654c6ff_1cf2_4b9e_a414_867f307ee229_mesh1" type="NODE">
                  <matrix>1 0 0 0 0 1 0 0 0 0 1 0 0 0 0 1</matrix>
                  <instance_geometry url="#geometry_b8460869_eb52_41db_8537_d5e10da5dfd7">
                    <bind_material>
                      <technique_common>
                        <instance_material symbol="mat_7" target="#mat_7"/>
                      </technique_common>
                    </bind_material>
                  </instance_geometry>
                </node>
              </node>
              <node id="node_ebc7093d_3b80_4980_9372_b684f01a681b" type="NODE">
                <matrix>1 0 0 0 0 1 0 0 0 0 1 0 0 0 0 1</matrix>
                <node id="node_ebc7093d_3b80_4980_9372_b684f01a681b_mesh0" type="NODE">
                  <matrix>1 0 0 0 0 1 0 0 0 0 1 0 0 0 0 1</matrix>
                  <instance_geometry url="#geometry_7d006dc8_c47c_427e_be83_482adbc73d33">
                    <bind_material>
                      <technique_common>
                        <instance_material symbol="mat_8" target="#mat_8"/>
                      </technique_common>
                    </bind_material>
                  </instance_geometry>
                </node>
              </node>
              <node id="node_873f6319_90ab_4def_b4cf_2235bad6b961" type="NODE">
                <matrix>1 0 0 0 0 1 0 0 0 0 1 0 0 0 0 1</matrix>
                <node id="node_873f6319_90ab_4def_b4cf_2235bad6b961_mesh0" type="NODE">
                  <matrix>1 0 0 0 0 1 0 0 0 0 1 0 0 0 0 1</matrix>
                  <instance_geometry url="#geometry_2a99b57c_8ab9_41df_b511_8fb26baeddb8">
                    <bind_material>
                      <technique_common>
                        <instance_material symbol="mat_9" target="#mat_9"/>
                      </technique_common>
                    </bind_material>
                  </instance_geometry>
                </node>
              </node>
              <node id="node_d856b46f_eb1b_4b4f_ab93_04fece2c6d23" type="NODE">
                <matrix>1 0 0 0 0 1 0 0 0 0 1 0 0 0 0 1</matrix>
                <node id="node_d856b46f_eb1b_4b4f_ab93_04fece2c6d23_mesh0" type="NODE">
                  <matrix>1 0 0 0 0 1 0 0 0 0 1 0 0 0 0 1</matrix>
                  <instance_geometry url="#geometry_7f38d061_0be2_4f9a_86fd_63fee9d519a3">
                    <bind_material>
                      <technique_common>
                        <instance_material symbol="mat_10" target="#mat_10"/>
                      </technique_common>
                    </bind_material>
                  </instance_geometry>
                </node>
              </node>
              <node id="node_89bbdec2_16b8_4d2a_b006_ff21857358b2" type="NODE">
                <matrix>1 0 0 0 0 1 0 0 0 0 1 0 0 0 0 1</matrix>
                <node id="node_89bbdec2_16b8_4d2a_b006_ff21857358b2_mesh0" type="NODE">
                  <matrix>1 0 0 0 0 1 0 0 0 0 1 0 0 0 0 1</matrix>
                  <instance_geometry url="#geometry_deb8b279_a09e_442a_92fc_8953d069245a">
                    <bind_material>
                      <technique_common>
                        <instance_material symbol="mat_9" target="#mat_9"/>
                      </technique_common>
                    </bind_material>
                  </instance_geometry>
                </node>
              </node>
              <node id="node_7e4cf7f8_f169_4de7_adb8_e6d3d2a6259f" type="NODE">
                <matrix>1 0 0 0 0 1 0 0 0 0 1 0 0 0 0 1</matrix>
                <node id="node_7e4cf7f8_f169_4de7_adb8_e6d3d2a6259f_mesh0" type="NODE">
                  <matrix>1 0 0 0 0 1 0 0 0 0 1 0 0 0 0 1</matrix>
                  <instance_geometry url="#geometry_b4c7473f_f271_4812_9a1b_17a5fc2b9f09">
                    <bind_material>
                      <technique_common>
                        <instance_material symbol="mat_9" target="#mat_9"/>
                      </technique_common>
                    </bind_material>
                  </instance_geometry>
                </node>
              </node>
              <node id="node_1ca21040_951a_4437_9faf_8ad748a2fde1" type="NODE">
                <matrix>1 0 0 0 0 1 0 0 0 0 1 0 0 0 0 1</matrix>
                <node id="node_1ca21040_951a_4437_9faf_8ad748a2fde1_mesh0" type="NODE">
                  <matrix>1 0 0 0 0 1 0 0 0 0 1 0 0 0 0 1</matrix>
                  <instance_geometry url="#geometry_fb42207e_b225_4607_898c_973102dda90d">
                    <bind_material>
                      <technique_common>
                        <instance_material symbol="mat_11" target="#mat_11"/>
                      </technique_common>
                    </bind_material>
                  </instance_geometry>
                </node>
              </node>
              <node id="node_b873bd7d_328e_4ff8_a8fd_7cead1d7f10a" type="NODE">
                <matrix>-1 0 0 0 0 1 0 0 0 0 -1 0 0 0 0 1</matrix>
                <node id="node_b873bd7d_328e_4ff8_a8fd_7cead1d7f10a_mesh0" type="NODE">
                  <matrix>1 0 0 0 0 1 0 0 0 0 1 0 0 0 0 1</matrix>
                  <instance_geometry url="#geometry_e7c5525b_b3ae_4884_90de_5f3a4da3294e">
                    <bind_material>
                      <technique_common>
                        <instance_material symbol="mat_12" target="#mat_12"/>
                      </technique_common>
                    </bind_material>
                  </instance_geometry>
                </node>
              </node>
              <node id="node_7ab793f6_c30a_40e4_8e77_d6fa0efcd355" type="NODE">
                <matrix>1 0 0 0.004840061999857426 0 1 0 0.003508257679641247 0 0 1 -0.0065978155471384525 0 0 0 1</matrix>
                <node id="node_7ab793f6_c30a_40e4_8e77_d6fa0efcd355_mesh0" type="NODE">
                  <matrix>1 0 0 0 0 1 0 0 0 0 1 0 0 0 0 1</matrix>
                  <instance_geometry url="#geometry_998edbee_1332_451a_b28f_b1fead491b80">
                    <bind_material>
                      <technique_common>
                        <instance_material symbol="mat_13" target="#mat_13"/>
                      </technique_common>
                    </bind_material>
                  </instance_geometry>
                </node>
                <node id="node_7ab793f6_c30a_40e4_8e77_d6fa0efcd355_mesh1" type="NODE">
                  <matrix>1 0 0 0 0 1 0 0 0 0 1 0 0 0 0 1</matrix>
                  <instance_geometry url="#geometry_4321f4f1_843b_4e23_b526_8613bf5185fe">
                    <bind_material>
                      <technique_common>
                        <instance_material symbol="mat_3" target="#mat_3"/>
                      </technique_common>
                    </bind_material>
                  </instance_geometry>
                </node>
              </node>
              <node id="node_b9a53843_e8c1_4731_be41_feb921ab5404" type="NODE">
                <matrix>-1 0 0 0 0 1 0 0 0 0 -1 0 0 0 0 1</matrix>
                <node id="node_b9a53843_e8c1_4731_be41_feb921ab5404_mesh0" type="NODE">
                  <matrix>1 0 0 0 0 1 0 0 0 0 1 0 0 0 0 1</matrix>
                  <instance_geometry url="#geometry_1a592df2_db12_4e9c_b81c_70ad5a3e2c86">
                    <bind_material>
                      <technique_common>
                        <instance_material symbol="mat_9" target="#mat_9"/>
                      </technique_common>
                    </bind_material>
                  </instance_geometry>
                </node>
              </node>
              <node id="node_25ed4783_6060_4fc9_b99e_64dd42ef6aae" type="NODE">
                <matrix>-1 0 0 0 0 1 0 0 0 0 -1 0 0 0 0 1</matrix>
                <node id="node_25ed4783_6060_4fc9_b99e_64dd42ef6aae_mesh0" type="NODE">
                  <matrix>1 0 0 0 0 1 0 0 0 0 1 0 0 0 0 1</matrix>
                  <instance_geometry url="#geometry_07c15f06_1b63_42d0_84fa_9aa5d34cf966">
                    <bind_material>
                      <technique_common>
                        <instance_material symbol="mat_14" target="#mat_14"/>
                      </technique_common>
                    </bind_material>
                  </instance_geometry>
                </node>
              </node>
              <node id="node_8fe41c43_eb92_44f4_a158_2e6cce362623" type="NODE">
                <matrix>1 0 0 0 0 1 0 0 0 0 1 0 0 0 0 1</matrix>
                <node id="node_8fe41c43_eb92_44f4_a158_2e6cce362623_mesh0" type="NODE">
                  <matrix>1 0 0 0 0 1 0 0 0 0 1 0 0 0 0 1</matrix>
                  <instance_geometry url="#geometry_9980a428_c153_427b_a921_e76294e20d7b">
                    <bind_material>
                      <technique_common>
                        <instance_material symbol="mat_9" target="#mat_9"/>
                      </technique_common>
                    </bind_material>
                  </instance_geometry>
                </node>
              </node>
              <node id="node_48112954_7229_4c5e_b61b_eab550533ed8" type="NODE">
                <matrix>-1 0 0 0 0 1 0 0 0 0 -1 0 0 0 0 1</matrix>
                <node id="node_48112954_7229_4c5e_b61b_eab550533ed8_mesh0" type="NODE">
                  <matrix>1 0 0 0 0 1 0 0 0 0 1 0 0 0 0 1</matrix>
                  <instance_geometry url="#geometry_242dd7ff_0544_46c9_9da7_031764514b94">
                    <bind_material>
                      <technique_common>
                        <instance_material symbol="mat_15" target="#mat_15"/>
                      </technique_common>
                    </bind_material>
                  </instance_geometry>
                </node>
              </node>
              <node id="node_b94d66cc_39a9_4543_a7ad_b99dabb860d8" type="NODE">
                <matrix>1 0 0 0 0 1 0 0 0 0 1 0 0 0 0 1</matrix>
                <node id="node_b94d66cc_39a9_4543_a7ad_b99dabb860d8_mesh0" type="NODE">
                  <matrix>1 0 0 0 0 1 0 0 0 0 1 0 0 0 0 1</matrix>
                  <instance_geometry url="#geometry_3b4db88f_8604_45a9_b98d_c6ce75c05172">
                    <bind_material>
                      <technique_common>
                        <instance_material symbol="mat_9" target="#mat_9"/>
                      </technique_common>
                    </bind_material>
                  </instance_geometry>
                </node>
              </node>
              <node id="node_b7c13f4b_1f9e_4d44_bc1a_d057e7bb52f2" type="NODE">
                <matrix>1 0 0 0 0 1 0 0 0 0 1 0 0 0 0 1</matrix>
                <node id="node_b7c13f4b_1f9e_4d44_bc1a_d057e7bb52f2_mesh0" type="NODE">
                  <matrix>1 0 0 0 0 1 0 0 0 0 1 0 0 0 0 1</matrix>
                  <instance_geometry url="#geometry_c4ef1f19_d45b_4ff1_838d_356bea9ad14f">
                    <bind_material>
                      <technique_common>
                        <instance_material symbol="mat_14" target="#mat_14"/>
                      </technique_common>
                    </bind_material>
                  </instance_geometry>
                </node>
              </node>
              <node id="node_4b4c67c6_5cb8_47db_b49e_bab0360b3ff0" type="NODE">
                <matrix>1 0 0 -0.6000000238418579 0 0.9743700585581152 -0.22495110010243735 -0.13021863996982574 0 0.22495110010243735 0.9743700585581152 1.2918258905410767 0 0 0 1</matrix>
                <node id="node_4b4c67c6_5cb8_47db_b49e_bab0360b3ff0_mesh0" type="NODE">
                  <matrix>1 0 0 0 0 1 0 0 0 0 1 0 0 0 0 1</matrix>
                  <instance_geometry url="#geometry_daac3b5b_2bf3_4c0b_973f_b60d2748d68a">
                    <bind_material>
                      <technique_common>
                        <instance_material symbol="mat_16" target="#mat_16"/>
                      </technique_common>
                    </bind_material>
                  </instance_geometry>
                </node>
                <node id="node_4b4c67c6_5cb8_47db_b49e_bab0360b3ff0_mesh1" type="NODE">
                  <matrix>1 0 0 0 0 1 0 0 0 0 1 0 0 0 0 1</matrix>
                  <instance_geometry url="#geometry_43b03ca9_5831_4c66_8b42_cb2539d5fd31">
                    <bind_material>
                      <technique_common>
                        <instance_material symbol="mat_3" target="#mat_3"/>
                      </technique_common>
                    </bind_material>
                  </instance_geometry>
                </node>
              </node>
              <node id="node_94312fde_dcbb_4f58_aaf8_0cade14f1d6c" type="NODE">
                <matrix>-1 0 0 0 0 1 0 0 0 0 -1 0 0 0 0 1</matrix>
                <node id="node_94312fde_dcbb_4f58_aaf8_0cade14f1d6c_mesh0" type="NODE">
                  <matrix>1 0 0 0 0 1 0 0 0 0 1 0 0 0 0 1</matrix>
                  <instance_geometry url="#geometry_90f3d599_0ab6_4880_9efb_13ea8b579085">
                    <bind_material>
                      <technique_common>
                        <instance_material symbol="mat_9" target="#mat_9"/>
                      </technique_common>
                    </bind_material>
                  </instance_geometry>
                </node>
              </node>
              <node id="node_d6778293_e2a7_431b_8810_617d024ce9d8" type="NODE">
                <matrix>1 0 0 0 0 1 0 0 0 0 1 0 0 0 0 1</matrix>
                <node id="node_d6778293_e2a7_431b_8810_617d024ce9d8_mesh0" type="NODE">
                  <matrix>1 0 0 0 0 1 0 0 0 0 1 0 0 0 0 1</matrix>
                  <instance_geometry url="#geometry_f25e3ab7_f36d_427b_9948_967035331036">
                    <bind_material>
                      <technique_common>
                        <instance_material symbol="mat_9" target="#mat_9"/>
                      </technique_common>
                    </bind_material>
                  </instance_geometry>
                </node>
              </node>
              <node id="node_0f9fe597_735f_49a1_a003_d6e4cb711a9c" type="NODE">
                <matrix>-1 0 0 0 0 1 0 0 0 0 -1 0 0 0 0 1</matrix>
                <node id="node_0f9fe597_735f_49a1_a003_d6e4cb711a9c_mesh0" type="NODE">
                  <matrix>1 0 0 0 0 1 0 0 0 0 1 0 0 0 0 1</matrix>
                  <instance_geometry url="#geometry_b8863dad_f147_4b3c_93b1_f3943cb59a28">
                    <bind_material>
                      <technique_common>
                        <instance_material symbol="mat_9" target="#mat_9"/>
                      </technique_common>
                    </bind_material>
                  </instance_geometry>
                </node>
              </node>
              <node id="node_fd059c26_3674_4e57_9553_a6571976df88" type="NODE">
                <matrix>-1 0 0 0 0 1 0 0 0 0 -1 0 0 0 0 1</matrix>
                <node id="node_fd059c26_3674_4e57_9553_a6571976df88_mesh0" type="NODE">
                  <matrix>1 0 0 0 0 1 0 0 0 0 1 0 0 0 0 1</matrix>
                  <instance_geometry url="#geometry_d7516ed3_b860_41d2_b2a4_8882d72a7268">
                    <bind_material>
                      <technique_common>
                        <instance_material symbol="mat_9" target="#mat_9"/>
                      </technique_common>
                    </bind_material>
                  </instance_geometry>
                </node>
              </node>
              <node id="node_6ea3a9f3_68b0_461c_b9b5_ea811408caee" type="NODE">
                <matrix>1 0 0 -0.4000000059604645 0 0.9743700585581152 -0.22495110010243735 -0.13021863996982574 0 0.22495110010243735 0.9743700585581152 1.2918258905410767 0 0 0 1</matrix>
                <node id="node_6ea3a9f3_68b0_461c_b9b5_ea811408caee_mesh0" type="NODE">
                  <matrix>1 0 0 0 0 1 0 0 0 0 1 0 0 0 0 1</matrix>
                  <instance_geometry url="#geometry_592819b0_b282_4be2_85a2_3c1bb12cd9e5">
                    <bind_material>
                      <technique_common>
                        <instance_material symbol="mat_16" target="#mat_16"/>
                      </technique_common>
                    </bind_material>
                  </instance_geometry>
                </node>
                <node id="node_6ea3a9f3_68b0_461c_b9b5_ea811408caee_mesh1" type="NODE">
                  <matrix>1 0 0 0 0 1 0 0 0 0 1 0 0 0 0 1</matrix>
                  <instance_geometry url="#geometry_a4d11120_9d22_4aa4_aefc_6bbc76ca25cb">
                    <bind_material>
                      <technique_common>
                        <instance_material symbol="mat_3" target="#mat_3"/>
                      </technique_common>
                    </bind_material>
                  </instance_geometry>
                </node>
              </node>
              <node id="node_67d1eab0_ca11_4642_b3bb_2fca0d0b94e9" type="NODE">
                <matrix>1 0 0 -0.20000000298023224 0 0.9743700585581152 -0.22495110010243735 -0.13021863996982574 0 0.22495110010243735 0.9743700585581152 1.2918258905410767 0 0 0 1</matrix>
                <node id="node_67d1eab0_ca11_4642_b3bb_2fca0d0b94e9_mesh0" type="NODE">
                  <matrix>1 0 0 0 0 1 0 0 0 0 1 0 0 0 0 1</matrix>
                  <instance_geometry url="#geometry_60f77cd1_8b3f_4b13_8dfd_f0bf757130ee">
                    <bind_material>
                      <technique_common>
                        <instance_material symbol="mat_16" target="#mat_16"/>
                      </technique_common>
                    </bind_material>
                  </instance_geometry>
                </node>
                <node id="node_67d1eab0_ca11_4642_b3bb_2fca0d0b94e9_mesh1" type="NODE">
                  <matrix>1 0 0 0 0 1 0 0 0 0 1 0 0 0 0 1</matrix>
                  <instance_geometry url="#geometry_c0994f3d_5ab3_4f06_b351_6417723201b5">
                    <bind_material>
                      <technique_common>
                        <instance_material symbol="mat_3" target="#mat_3"/>
                      </technique_common>
                    </bind_material>
                  </instance_geometry>
                </node>
              </node>
              <node id="node_36f1cc96_0173_49b0_a93a_a7f22e69e94e" type="NODE">
                <matrix>1 0 0 0 0 1 0 0 0 0 1 0 0 0 0 1</matrix>
                <node id="node_36f1cc96_0173_49b0_a93a_a7f22e69e94e_mesh0" type="NODE">
                  <matrix>1 0 0 0 0 1 0 0 0 0 1 0 0 0 0 1</matrix>
                  <instance_geometry url="#geometry_35eb0974_5d83_475a_8317_f3f829d83ec5">
                    <bind_material>
                      <technique_common>
                        <instance_material symbol="mat_9" target="#mat_9"/>
                      </technique_common>
                    </bind_material>
                  </instance_geometry>
                </node>
              </node>
              <node id="node_02a574df_844b_45c4_b7cb_d79d7eaf79de" type="NODE">
                <matrix>1 0 0 0 0 0.9743700585581152 -0.22495110010243735 -0.13021863996982574 0 0.22495110010243735 0.9743700585581152 1.2918258905410767 0 0 0 1</matrix>
                <node id="node_02a574df_844b_45c4_b7cb_d79d7eaf79de_mesh0" type="NODE">
                  <matrix>1 0 0 0 0 1 0 0 0 0 1 0 0 0 0 1</matrix>
                  <instance_geometry url="#geometry_3233c7f6_5acc_4672_b4df_453ed59e5954">
                    <bind_material>
                      <technique_common>
                        <instance_material symbol="mat_16" target="#mat_16"/>
                      </technique_common>
                    </bind_material>
                  </instance_geometry>
                </node>
                <node id="node_02a574df_844b_45c4_b7cb_d79d7eaf79de_mesh1" type="NODE">
                  <matrix>1 0 0 0 0 1 0 0 0 0 1 0 0 0 0 1</matrix>
                  <instance_geometry url="#geometry_e1645242_2dc9_4037_a3d4_f5ac7e13bf52">
                    <bind_material>
                      <technique_common>
                        <instance_material symbol="mat_3" target="#mat_3"/>
                      </technique_common>
                    </bind_material>
                  </instance_geometry>
                </node>
              </node>
              <node id="node_1da8b65f_6dcc_4965_9125_eec829d3a9bc" type="NODE">
                <matrix>1 0 0 0 0 1 0 0 0 0 1 0 0 0 0 1</matrix>
                <node id="node_1da8b65f_6dcc_4965_9125_eec829d3a9bc_mesh0" type="NODE">
                  <matrix>1 0 0 0 0 1 0 0 0 0 1 0 0 0 0 1</matrix>
                  <instance_geometry url="#geometry_b7a368fb_850d_4825_9461_d0f9605fb1e0">
                    <bind_material>
                      <technique_common>
                        <instance_material symbol="mat_9" target="#mat_9"/>
                      </technique_common>
                    </bind_material>
                  </instance_geometry>
                </node>
              </node>
              <node id="node_a1aea40f_ce3b_4e02_9656_d50c9be8b71c" type="NODE">
                <matrix>-1.0000003297643758 0 0 0 0 0.9743700585581152 0.22495110010243735 -0.13021863996982574 0 0.22495110010243735 -0.974370388322491 1.2918258905410767 0 0 0 1</matrix>
                <node id="node_a1aea40f_ce3b_4e02_9656_d50c9be8b71c_mesh0" type="NODE">
                  <matrix>1 0 0 0 0 1 0 0 0 0 1 0 0 0 0 1</matrix>
                  <instance_geometry url="#geometry_30d5f63e_3f89_4d55_bc25_897fa5ea459a">
                    <bind_material>
                      <technique_common>
                        <instance_material symbol="mat_16" target="#mat_16"/>
                      </technique_common>
                    </bind_material>
                  </instance_geometry>
                </node>
                <node id="node_a1aea40f_ce3b_4e02_9656_d50c9be8b71c_mesh1" type="NODE">
                  <matrix>1 0 0 0 0 1 0 0 0 0 1 0 0 0 0 1</matrix>
                  <instance_geometry url="#geometry_2ce54fdf_78b2_4419_b660_6c5aacdaeb5a">
                    <bind_material>
                      <technique_common>
                        <instance_material symbol="mat_3" target="#mat_3"/>
                      </technique_common>
                    </bind_material>
                  </instance_geometry>
                </node>
              </node>
              <node id="node_5f244ca6_35f1_4134_bf3f_49133a013cf4" type="NODE">
                <matrix>1 0 0 0 0 1 0 0 0 0 1 0 0 0 0 1</matrix>
                <node id="node_5f244ca6_35f1_4134_bf3f_49133a013cf4_mesh0" type="NODE">
                  <matrix>1 0 0 0 0 1 0 0 0 0 1 0 0 0 0 1</matrix>
                  <instance_geometry url="#geometry_b952c639_45be_4ee8_8683_bdfa9fcc99fe">
                    <bind_material>
                      <technique_common>
                        <instance_material symbol="mat_17" target="#mat_17"/>
                      </technique_common>
                    </bind_material>
                  </instance_geometry>
                </node>
              </node>
              <node id="node_043886c9_cd80_46a2_81a0_fdd9120682c4" type="NODE">
                <matrix>-1 0 0 0 0 1 0 0 0 0 -1 0 0 0 0 1</matrix>
                <node id="node_043886c9_cd80_46a2_81a0_fdd9120682c4_mesh0" type="NODE">
                  <matrix>1 0 0 0 0 1 0 0 0 0 1 0 0 0 0 1</matrix>
                  <instance_geometry url="#geometry_082450c7_bcf5_4344_8eae_56ea1f2e6a40">
                    <bind_material>
                      <technique_common>
                        <instance_material symbol="mat_9" target="#mat_9"/>
                      </technique_common>
                    </bind_material>
                  </instance_geometry>
                </node>
              </node>
              <node id="node_1d3d504b_e7ad_44a6_8b2b_3ed804dd5a76" type="NODE">
                <matrix>-1.0000003297643758 0 0 0.6000000238418579 0 0.9743700585581152 0.22495110010243735 -0.13021863996982574 0 0.22495110010243735 -0.974370388322491 1.2918258905410767 0 0 0 1</matrix>
                <node id="node_1d3d504b_e7ad_44a6_8b2b_3ed804dd5a76_mesh0" type="NODE">
                  <matrix>1 0 0 0 0 1 0 0 0 0 1 0 0 0 0 1</matrix>
                  <instance_geometry url="#geometry_2bb6f868_b75d_4270_b56e_69bf083fd1ab">
                    <bind_material>
                      <technique_common>
                        <instance_material symbol="mat_16" target="#mat_16"/>
                      </technique_common>
                    </bind_material>
                  </instance_geometry>
                </node>
                <node id="node_1d3d504b_e7ad_44a6_8b2b_3ed804dd5a76_mesh1" type="NODE">
                  <matrix>1 0 0 0 0 1 0 0 0 0 1 0 0 0 0 1</matrix>
                  <instance_geometry url="#geometry_993ce270_9c37_4c89_9e24_271b18015c92">
                    <bind_material>
                      <technique_common>
                        <instance_material symbol="mat_3" target="#mat_3"/>
                      </technique_common>
                    </bind_material>
                  </instance_geometry>
                </node>
              </node>
              <node id="node_3c48b353_e846_43a8_b9ff_727aa507a1e3" type="NODE">
                <matrix>1 0 0 0 0 1 0 0 0 0 1 0 0 0 0 1</matrix>
                <node id="node_3c48b353_e846_43a8_b9ff_727aa507a1e3_mesh0" type="NODE">
                  <matrix>1 0 0 0 0 1 0 0 0 0 1 0 0 0 0 1</matrix>
                  <instance_geometry url="#geometry_1dd7000b_2767_49ae_845c_e9612ddeb177">
                    <bind_material>
                      <technique_common>
                        <instance_material symbol="mat_12" target="#mat_12"/>
                      </technique_common>
                    </bind_material>
                  </instance_geometry>
                </node>
              </node>
              <node id="node_9a5a6753_f871_4022_8bc7_7011fadc4ecd" type="NODE">
                <matrix>-1 0 0 0 0 1 0 0 0 0 -1 0 0 0 0 1</matrix>
                <node id="node_9a5a6753_f871_4022_8bc7_7011fadc4ecd_mesh0" type="NODE">
                  <matrix>1 0 0 0 0 1 0 0 0 0 1 0 0 0 0 1</matrix>
                  <instance_geometry url="#geometry_7276c146_0de3_4c9b_a6e2_566dd2b3dab1">
                    <bind_material>
                      <technique_common>
                        <instance_material symbol="mat_12" target="#mat_12"/>
                      </technique_common>
                    </bind_material>
                  </instance_geometry>
                </node>
              </node>
              <node id="node_bd0f6326_b23e_4584_afee_46554c666ef8" type="NODE">
                <matrix>-1.0000003297643758 0 0 0.4000000059604645 0 0.9743700585581152 0.22495110010243735 -0.13021863996982574 0 0.22495110010243735 -0.974370388322491 1.2918258905410767 0 0 0 1</matrix>
                <node id="node_bd0f6326_b23e_4584_afee_46554c666ef8_mesh0" type="NODE">
                  <matrix>1 0 0 0 0 1 0 0 0 0 1 0 0 0 0 1</matrix>
                  <instance_geometry url="#geometry_efda1466_191d_46be_a45f_7f86a7b07c86">
                    <bind_material>
                      <technique_common>
                        <instance_material symbol="mat_16" target="#mat_16"/>
                      </technique_common>
                    </bind_material>
                  </instance_geometry>
                </node>
                <node id="node_bd0f6326_b23e_4584_afee_46554c666ef8_mesh1" type="NODE">
                  <matrix>1 0 0 0 0 1 0 0 0 0 1 0 0 0 0 1</matrix>
                  <instance_geometry url="#geometry_6f49d9ce_e4b0_4ee1_8ebd_b5cc71fcbcba">
                    <bind_material>
                      <technique_common>
                        <instance_material symbol="mat_3" target="#mat_3"/>
                      </technique_common>
                    </bind_material>
                  </instance_geometry>
                </node>
              </node>
              <node id="node_ba04df7e_5435_4e89_bb3f_5fdec509df22" type="NODE">
                <matrix>1 0 0 0 0 1 0 0 0 0 1 0 0 0 0 1</matrix>
                <node id="node_ba04df7e_5435_4e89_bb3f_5fdec509df22_mesh0" type="NODE">
                  <matrix>1 0 0 0 0 1 0 0 0 0 1 0 0 0 0 1</matrix>
                  <instance_geometry url="#geometry_2b281b92_e9da_4d50_b22e_d60d0ead50e3">
                    <bind_material>
                      <technique_common>
                        <instance_material symbol="mat_18" target="#mat_18"/>
                      </technique_common>
                    </bind_material>
                  </instance_geometry>
                </node>
                <node id="node_ba04df7e_5435_4e89_bb3f_5fdec509df22_mesh1" type="NODE">
                  <matrix>1 0 0 0 0 1 0 0 0 0 1 0 0 0 0 1</matrix>
                  <instance_geometry url="#geometry_f10c6d30_1bd4_496c_a9a3_8b5abfd3071b">
                    <bind_material>
                      <technique_common>
                        <instance_material symbol="mat_3" target="#mat_3"/>
                      </technique_common>
                    </bind_material>
                  </instance_geometry>
                </node>
              </node>
              <node id="node_504b3d9b_32d6_4c4b_b649_8ee71608c31f" type="NODE">
                <matrix>1 0 0 0 0 1 0 0 0 0 1 0 0 0 0 1</matrix>
                <node id="node_504b3d9b_32d6_4c4b_b649_8ee71608c31f_mesh0" type="NODE">
                  <matrix>1 0 0 0 0 1 0 0 0 0 1 0 0 0 0 1</matrix>
                  <instance_geometry url="#geometry_caf7a8ed_a26f_4187_a29a_bcc08460a8a2">
                    <bind_material>
                      <technique_common>
                        <instance_material symbol="mat_11" target="#mat_11"/>
                      </technique_common>
                    </bind_material>
                  </instance_geometry>
                </node>
              </node>
              <node id="node_d048682c_9fff_4c32_b0ae_bc19e29f73d0" type="NODE">
                <matrix>1 0 0 0 0 1 0 0 0 0 1 0 0 0 0 1</matrix>
                <node id="node_d048682c_9fff_4c32_b0ae_bc19e29f73d0_mesh0" type="NODE">
                  <matrix>1 0 0 0 0 1 0 0 0 0 1 0 0 0 0 1</matrix>
                  <instance_geometry url="#geometry_22127337_060e_4579_b209_3fc6defc7dfd">
                    <bind_material>
                      <technique_common>
                        <instance_material symbol="mat_19" target="#mat_19"/>
                      </technique_common>
                    </bind_material>
                  </instance_geometry>
                </node>
                <node id="node_d048682c_9fff_4c32_b0ae_bc19e29f73d0_mesh1" type="NODE">
                  <matrix>1 0 0 0 0 1 0 0 0 0 1 0 0 0 0 1</matrix>
                  <instance_geometry url="#geometry_da7dbb62_997d_45c7_94a2_3641947ff331">
                    <bind_material>
                      <technique_common>
                        <instance_material symbol="mat_20" target="#mat_20"/>
                      </technique_common>
                    </bind_material>
                  </instance_geometry>
                </node>
              </node>
              <node id="node_ad2708d2_3135_47a5_ab6f_c7acc502646a" type="NODE">
                <matrix>-1.0000003297643758 0 0 0.20000000298023224 0 0.9743700585581152 0.22495110010243735 -0.13021863996982574 0 0.22495110010243735 -0.974370388322491 1.2918258905410767 0 0 0 1</matrix>
                <node id="node_ad2708d2_3135_47a5_ab6f_c7acc502646a_mesh0" type="NODE">
                  <matrix>1 0 0 0 0 1 0 0 0 0 1 0 0 0 0 1</matrix>
                  <instance_geometry url="#geometry_b1fe8e3e_32dc_4d97_bac0_e7c093d48298">
                    <bind_material>
                      <technique_common>
                        <instance_material symbol="mat_16" target="#mat_16"/>
                      </technique_common>
                    </bind_material>
                  </instance_geometry>
                </node>
                <node id="node_ad2708d2_3135_47a5_ab6f_c7acc502646a_mesh1" type="NODE">
                  <matrix>1 0 0 0 0 1 0 0 0 0 1 0 0 0 0 1</matrix>
                  <instance_geometry url="#geometry_256d53e8_aa27_4542_8016_614f07f26e77">
                    <bind_material>
                      <technique_common>
                        <instance_material symbol="mat_3" target="#mat_3"/>
                      </technique_common>
                    </bind_material>
                  </instance_geometry>
                </node>
              </node>
            </node>
          </node>
        </node>
      </node>
    </visual_scene>
  </library_visual_scenes>
  <scene>
    <instance_visual_scene url="#DefaultScene"/>
  </scene>
</COLLADA>
